969344, 2023-06-22 18:44:11, manudo, cer1, up, 18214, 48890, pop-prd-pthalos000, 
969348, 2023-06-22 18:45:40, manudo, cer1, down, 18214, 48890, pop-prd-pthalos000, 
0:01:29 1
remove me!
969352, 2023-06-22 18:46:14, manudo, cer1, up, 16072, 61710, pop-prd-pthalos000, 
0:00:34 0
remove me!
969353, 2023-06-22 18:46:40, manudo, cer1, down, 16072, 61710, pop-prd-pthalos000, 
0:00:26 0
remove me!
969354, 2023-06-22 18:46:57, manudo, cer1, up, 39662, 58176, pop-prd-pthalos000, 
0:00:17 0
remove me!
969363, 2023-06-22 18:48:31, manudo, cer1, down, 39662, 58176, pop-prd-pthalos000, 
0:01:34 1
remove me!
969364, 2023-06-22 18:48:43, manudo, cer1, up, 64833, 14630, pop-prd-pthalos000, 
0:00:12 0
remove me!
969370, 2023-06-22 18:49:57, manudo, cer1, down, 64833, 14630, pop-prd-pthalos000, 
0:01:14 1
remove me!
969372, 2023-06-22 18:50:13, manudo, cer1, up, 50270, 14415, pop-prd-pthalos000, 
0:00:16 0
remove me!
969378, 2023-06-22 18:50:38, manudo, cer1, down, 50270, 14415, pop-prd-pthalos000, 
0:00:25 0
remove me!
969379, 2023-06-22 18:50:54, manudo, cer1, up, 20047, 24460, pop-prd-pthalos000, 
0:00:16 0
remove me!
969403, 2023-06-22 18:57:42, manudo, cer1, down, 20047, 24460, pop-prd-pthalos000, 
0:06:48 6
remove me!
969406, 2023-06-22 18:57:57, manudo, cer1, up, 36204, 36316, pop-prd-pthalos000, 
0:00:15 0
remove me!
969408, 2023-06-22 18:58:21, manudo, cer1, down, 36204, 36316, pop-prd-pthalos000, 
0:00:24 0
remove me!
969410, 2023-06-22 18:58:37, manudo, cer1, up, 60776, 27203, pop-prd-pthalos000, 
0:00:16 0
remove me!
969432, 2023-06-22 19:04:39, manudo, cer1, down, 60776, 27203, pop-prd-pthalos000, 
0:06:02 6
remove me!
969458, 2023-06-22 19:12:28, manudo, cer1, up, 54205, 7089, pop-prd-pthalos000, 
0:07:49 7
remove me!
969494, 2023-06-22 19:22:49, manudo, cer1, down, 54205, 7089, pop-prd-pthalos000, 
0:10:21 10
remove me!
969495, 2023-06-22 19:23:04, manudo, cer1, up, 1920, 844, pop-prd-pthalos000, 
0:00:15 0
remove me!
969532, 2023-06-22 19:35:51, manudo, cer1, down, 1920, 844, pop-prd-pthalos000, 
0:12:47 12
remove me!
969533, 2023-06-22 19:36:05, manudo, cer1, up, 57157, 20546, pop-prd-pthalos000, 
0:00:14 0
remove me!
970006, 2023-06-22 22:05:24, manudo, cer1, down, 57157, 20546, pop-prd-pthalos000, 
2:29:19 149
970178, 2023-06-22 23:12:26, manudo, cer1, up, 41161, 53257, pop-prd-pthalos000, 
1:07:02 67
970188, 2023-06-22 23:18:51, manudo, cer1, down, 41161, 53257, pop-prd-pthalos000, 
0:06:25 6
remove me!
970190, 2023-06-22 23:19:02, manudo, cer1, up, 42436, 22851, pop-prd-pthalos000, 
0:00:11 0
remove me!
970278, 2023-06-22 23:42:28, manudo, cer1, down, 42436, 22851, pop-prd-pthalos000, 
0:23:26 23
970279, 2023-06-22 23:42:31, manudo, cer1, up, 18165, 24694, pop-prd-pthalos000, 
0:00:03 0
remove me!
970384, 2023-06-23 00:17:45, manudo, cer1, down, 18165, 24694, pop-prd-pthalos000, 
0:35:14 35
972653, 2023-06-23 14:08:37, manudo, cer1, up, 51385, 33204, pop-prd-pthalos000, 
13:50:52 830
972655, 2023-06-23 14:09:14, manudo, cer1, down, 51385, 33204, pop-prd-pthalos000, 
0:00:37 0
remove me!
972657, 2023-06-23 14:09:29, manudo, cer1, up, 3279, 58852, pop-prd-pthalos000, 
0:00:15 0
remove me!
972711, 2023-06-23 14:23:21, manudo, cer1, down, 3279, 58852, pop-prd-pthalos000, 
0:13:52 13
remove me!
972714, 2023-06-23 14:23:34, manudo, cer1, up, 29894, 8778, pop-prd-pthalos000, 
0:00:13 0
remove me!
973145, 2023-06-23 16:42:47, manudo, cer1, down, 29894, 8778, pop-prd-pthalos000, 
2:19:13 139
973147, 2023-06-23 16:43:03, manudo, cer1, up, 57975, 62239, pop-prd-pthalos000, 
0:00:16 0
remove me!
973274, 2023-06-23 17:21:46, manudo, cer1, down, 57975, 62239, pop-prd-pthalos000, 
0:38:43 38
973275, 2023-06-23 17:22:01, manudo, cer1, up, 56339, 65473, pop-prd-pthalos000, 
0:00:15 0
remove me!
973491, 2023-06-23 18:27:16, manudo, cer1, down, 56339, 65473, pop-prd-pthalos000, 
1:05:15 65
973562, 2023-06-23 18:51:07, manudo, cer1, up, 9619, 20381, pop-prd-pthalos000, 
0:23:51 23
974051, 2023-06-23 21:55:07, manudo, cer1, down, 9619, 20381, pop-prd-pthalos000, 
3:04:00 184
974053, 2023-06-23 21:55:55, manudo, cer1, up, 6226, 22182, pop-prd-pthalos000, 
0:00:48 0
remove me!
974151, 2023-06-23 22:43:39, manudo, cer1, down, 6226, 22182, pop-prd-pthalos000, 
0:47:44 47
976360, 2023-06-24 14:44:17, manudo, cer1, up, 34884, 34606, pop-prd-pthalos000, 
16:00:38 960
976606, 2023-06-24 16:38:07, manudo, cer1, down, 34884, 34606, pop-prd-pthalos000, 
1:53:50 113
976607, 2023-06-24 16:38:09, manudo, cer1, up, 49897, 21133, pop-prd-pthalos000, 
0:00:02 0
remove me!
976621, 2023-06-24 16:44:16, manudo, cer1, down, 49897, 21133, pop-prd-pthalos000, 
0:06:07 6
remove me!
1014422, 2023-07-15 16:08:24, manudo, cer1, up, 38820, 4771, pop-prd-pthalos000, 
20 days, 23:24:08 1404
1014423, 2023-07-15 16:09:03, manudo, cer1, down, 38820, 4771, pop-prd-pthalos000, 
0:00:39 0
remove me!
1014424, 2023-07-15 16:09:15, manudo, cer1, up, 1097, 8682, pop-prd-pthalos000, 
0:00:12 0
remove me!
1014425, 2023-07-15 16:09:59, manudo, cer1, down, 1097, 8682, pop-prd-pthalos000, 
0:00:44 0
remove me!
1014426, 2023-07-15 16:10:16, manudo, cer1, up, 36735, 1398, pop-prd-pthalos000, 
0:00:17 0
remove me!
1014430, 2023-07-15 16:14:07, manudo, cer1, down, 36735, 1398, pop-prd-pthalos000, 
0:03:51 3
remove me!
1014431, 2023-07-15 16:14:29, manudo, cer1, up, 22084, 41269, pop-prd-pthalos000, 
0:00:22 0
remove me!
1014460, 2023-07-15 16:36:29, manudo, cer1, down, 22084, 41269, pop-prd-pthalos000, 
0:22:00 22
1014461, 2023-07-15 16:36:42, manudo, cer1, up, 62410, 10544, pop-prd-pthalos000, 
0:00:13 0
remove me!
1014517, 2023-07-15 17:31:31, manudo, cer1, down, 62410, 10544, pop-prd-pthalos000, 
0:54:49 54
1017412, 2023-07-17 13:18:01, manudo, cer1, up, 19027, 61370, pop-prd-pthalos000, 
1 day, 19:46:30 1186
1017515, 2023-07-17 14:37:46, manudo, cer1, down, 19027, 61370, pop-prd-pthalos000, 
1:19:45 79
1017516, 2023-07-17 14:37:58, manudo, cer1, up, 48268, 34203, pop-prd-pthalos000, 
0:00:12 0
remove me!
1017518, 2023-07-17 14:38:30, manudo, cer1, down, 48268, 34203, pop-prd-pthalos000, 
0:00:32 0
remove me!
1017519, 2023-07-17 14:38:42, manudo, cer1, up, 44078, 516, pop-prd-pthalos000, 
0:00:12 0
remove me!
1017520, 2023-07-17 14:39:15, manudo, cer1, down, 44078, 516, pop-prd-pthalos000, 
0:00:33 0
remove me!
1017521, 2023-07-17 14:39:27, manudo, cer1, up, 3606, 25795, pop-prd-pthalos000, 
0:00:12 0
remove me!
1017985, 2023-07-17 21:06:59, manudo, cer1, down, 3606, 25795, pop-prd-pthalos000, 
6:27:32 387
1017987, 2023-07-17 21:07:03, manudo, cer1, up, 1015, 9597, pop-prd-pthalos000, 
0:00:04 0
remove me!
1018027, 2023-07-17 21:53:59, manudo, cer1, down, 1015, 9597, pop-prd-pthalos000, 
0:46:56 46
1019458, 2023-07-18 15:26:21, manudo, cer1, up, 14481, 11597, pop-prd-pthalos000, 
17:32:22 1052
1019994, 2023-07-18 19:59:01, manudo, cer1, down, 14481, 11597, pop-prd-pthalos000, 
4:32:40 272
1021177, 2023-07-19 12:41:26, manudo, cer1, up, 51430, 52684, pop-prd-pthalos000, 
16:42:25 1002
1022182, 2023-07-19 22:06:55, manudo, cer1, down, 51430, 52684, pop-prd-pthalos000, 
9:25:29 565
1023280, 2023-07-20 10:36:27, manudo, cer1, up, 59134, 54927, pop-prd-pthalos000, 
12:29:32 749
1023418, 2023-07-20 11:49:53, manudo, cer1, down, 59134, 54927, pop-prd-pthalos000, 
1:13:26 73
1049962, 2023-08-05 15:56:20, manudo, cer1, up, 7141, 707, pop-prd-pthalos000, 
16 days, 4:06:27 246
1049964, 2023-08-05 15:57:48, manudo, cer1, down, 7141, 707, pop-prd-pthalos000, 
0:01:28 1
remove me!
1049965, 2023-08-05 15:57:50, manudo, cer1, up, 17728, 37833, pop-prd-pthalos000, 
0:00:02 0
remove me!
1050071, 2023-08-05 17:53:38, manudo, cer1, down, 17728, 37833, pop-prd-pthalos000, 
1:55:48 115
1054784, 2023-08-08 15:03:52, manudo, cer1, up, 57244, 45832, pop-prd-pthalos000, 
2 days, 21:10:14 1270
1054786, 2023-08-08 15:04:33, manudo, cer1, down, 57244, 45832, pop-prd-pthalos000, 
0:00:41 0
remove me!
1054787, 2023-08-08 15:04:46, manudo, cer1, up, 56167, 26435, pop-prd-pthalos000, 
0:00:13 0
remove me!
1054825, 2023-08-08 15:29:19, manudo, cer1, down, 56167, 26435, pop-prd-pthalos000, 
0:24:33 24
1068238, 2023-08-15 14:00:42, manudo, cer1, up, 22435, 35061, pop-prd-pthalos000, 
6 days, 22:31:23 1351
1068240, 2023-08-15 14:01:14, manudo, cer1, down, 22435, 35061, pop-prd-pthalos000, 
0:00:32 0
remove me!
1068241, 2023-08-15 14:01:30, manudo, cer1, up, 43126, 46435, pop-prd-pthalos000, 
0:00:16 0
remove me!
1068585, 2023-08-15 16:57:46, manudo, cer1, down, 43126, 46435, pop-prd-pthalos000, 
2:56:16 176
1068587, 2023-08-15 16:57:58, manudo, cer1, up, 38790, 52135, pop-prd-pthalos000, 
0:00:12 0
remove me!
1068646, 2023-08-15 17:15:44, manudo, cer1, down, 38790, 52135, pop-prd-pthalos000, 
0:17:46 17
1071236, 2023-08-16 15:19:08, manudo, cer1, up, 6313, 43878, pop-prd-pthalos000, 
22:03:24 1323
1071255, 2023-08-16 15:23:58, manudo, cer1, down, 6313, 43878, pop-prd-pthalos000, 
0:04:50 4
remove me!
1071257, 2023-08-16 15:24:10, manudo, cer1, up, 279, 43659, pop-prd-pthalos000, 
0:00:12 0
remove me!
1071263, 2023-08-16 15:25:42, manudo, cer1, down, 279, 43659, pop-prd-pthalos000, 
0:01:32 1
remove me!
1071266, 2023-08-16 15:25:55, manudo, cer1, up, 4388, 10644, pop-prd-pthalos000, 
0:00:13 0
remove me!
1071269, 2023-08-16 15:27:21, manudo, cer1, down, 4388, 10644, pop-prd-pthalos000, 
0:01:26 1
remove me!
1071270, 2023-08-16 15:27:34, manudo, cer1, up, 3377, 20128, pop-prd-pthalos000, 
0:00:13 0
remove me!
1071297, 2023-08-16 15:37:04, manudo, cer1, down, 3377, 20128, pop-prd-pthalos000, 
0:09:30 9
remove me!
1071299, 2023-08-16 15:38:35, manudo, cer1, up, 28850, 37731, pop-prd-pthalos000, 
0:01:31 1
remove me!
1071301, 2023-08-16 15:39:06, manudo, cer1, down, 28850, 37731, pop-prd-pthalos000, 
0:00:31 0
remove me!
1071305, 2023-08-16 15:39:18, manudo, cer1, up, 16042, 49887, pop-prd-pthalos000, 
0:00:12 0
remove me!
1071740, 2023-08-16 20:40:55, manudo, cer1, down, 16042, 49887, pop-prd-pthalos000, 
5:01:37 301
1072974, 2023-08-17 11:49:14, manudo, cer1, up, 51186, 30190, pop-prd-pthalos000, 
15:08:19 908
1073154, 2023-08-17 13:33:00, manudo, cer1, down, 51186, 30190, pop-prd-pthalos000, 
1:43:46 103
1073155, 2023-08-17 13:33:17, manudo, cer1, up, 31496, 12936, pop-prd-pthalos000, 
0:00:17 0
remove me!
1074012, 2023-08-17 22:58:33, manudo, cer1, down, 31496, 12936, pop-prd-pthalos000, 
9:25:16 565
1075903, 2023-08-18 14:03:55, manudo, cer1, up, 1348, 467, pop-prd-pthalos000, 
15:05:22 905
1075906, 2023-08-18 14:04:35, manudo, cer1, down, 1348, 467, pop-prd-pthalos000, 
0:00:40 0
remove me!
1075907, 2023-08-18 14:04:51, manudo, cer1, up, 29301, 32598, pop-prd-pthalos000, 
0:00:16 0
remove me!
1076536, 2023-08-18 21:29:45, manudo, cer1, down, 29301, 32598, pop-prd-pthalos000, 
7:24:54 444
1077881, 2023-08-19 18:03:30, manudo, cer1, up, 162, 52468, pop-prd-pthalos000, 
20:33:45 1233
1078325, 2023-08-20 00:11:12, manudo, cer1, down, 162, 52468, pop-prd-pthalos000, 
6:07:42 367
1079018, 2023-08-20 10:36:11, manudo, cer1, up, 32887, 41839, pop-prd-pthalos000, 
10:24:59 624
1080535, 2023-08-21 01:18:42, manudo, cer1, down, 32887, 41839, pop-prd-pthalos000, 
14:42:31 882
1081105, 2023-08-21 10:08:31, manudo, cer1, up, 31631, 40284, pop-prd-pthalos000, 
8:49:49 529
1081108, 2023-08-21 10:09:20, manudo, cer1, down, 31631, 40284, pop-prd-pthalos000, 
0:00:49 0
remove me!
1081109, 2023-08-21 10:09:33, manudo, cer1, up, 55372, 4173, pop-prd-pthalos000, 
0:00:13 0
remove me!
1081432, 2023-08-21 10:44:26, manudo, cer1, down, 55372, 4173, pop-prd-pthalos000, 
0:34:53 34
1081433, 2023-08-21 10:44:27, manudo, cer1, up, 10894, 364, pop-prd-pthalos000, 
0:00:01 0
remove me!
1082685, 2023-08-21 15:15:59, manudo, cer1, down, 10894, 364, pop-prd-pthalos000, 
4:31:32 271
1082686, 2023-08-21 15:16:12, manudo, cer1, up, 55639, 31433, pop-prd-pthalos000, 
0:00:13 0
remove me!
1083099, 2023-08-21 22:00:12, manudo, cer1, down, 55639, 31433, pop-prd-pthalos000, 
6:44:00 404
1084184, 2023-08-22 11:29:07, manudo, cer1, up, 25485, 21759, pop-prd-pthalos000, 
13:28:55 808
1084188, 2023-08-22 11:29:57, manudo, cer1, down, 25485, 21759, pop-prd-pthalos000, 
0:00:50 0
remove me!
1084189, 2023-08-22 11:30:11, manudo, cer1, up, 57429, 35284, pop-prd-pthalos000, 
0:00:14 0
remove me!
1084198, 2023-08-22 11:33:55, manudo, cer1, down, 57429, 35284, pop-prd-pthalos000, 
0:03:44 3
remove me!
1084199, 2023-08-22 11:34:08, manudo, cer1, up, 35612, 58280, pop-prd-pthalos000, 
0:00:13 0
remove me!
1084293, 2023-08-22 12:08:02, manudo, cer1, down, 35612, 58280, pop-prd-pthalos000, 
0:33:54 33
1084295, 2023-08-22 12:08:14, manudo, cer1, up, 55652, 58295, pop-prd-pthalos000, 
0:00:12 0
remove me!
1084749, 2023-08-22 18:04:02, manudo, cer1, down, 55652, 58295, pop-prd-pthalos000, 
5:55:48 355
1085391, 2023-08-23 05:03:58, manudo, cer1, up, 9087, 4688, pop-prd-pthalos000, 
10:59:56 659
1086926, 2023-08-23 22:43:59, manudo, cer1, down, 9087, 4688, pop-prd-pthalos000, 
17:40:01 1060
1088417, 2023-08-24 13:54:13, manudo, cer1, up, 2000, 44053, pop-prd-pthalos000, 
15:10:14 910
1088645, 2023-08-24 16:44:45, manudo, cer1, down, 2000, 44053, pop-prd-pthalos000, 
2:50:32 170
1088647, 2023-08-24 16:45:09, manudo, cer1, up, 15293, 27683, pop-prd-pthalos000, 
0:00:24 0
remove me!
1089183, 2023-08-24 23:39:28, manudo, cer1, down, 15293, 27683, pop-prd-pthalos000, 
6:54:19 414
1090326, 2023-08-25 10:25:07, manudo, cer1, up, 38925, 60728, pop-prd-pthalos000, 
10:45:39 645
1091691, 2023-08-26 00:07:59, manudo, cer1, down, 38925, 60728, pop-prd-pthalos000, 
13:42:52 822
1093170, 2023-08-26 17:59:26, manudo, cer1, up, 53679, 56466, pop-prd-pthalos000, 
17:51:27 1071
1093431, 2023-08-26 23:39:02, manudo, cer1, down, 53679, 56466, pop-prd-pthalos000, 
5:39:36 339
1093971, 2023-08-27 09:54:52, manudo, cer1, up, 31115, 15097, pop-prd-pthalos000, 
10:15:50 615
1094883, 2023-08-28 01:08:36, manudo, cer1, down, 31115, 15097, pop-prd-pthalos000, 
15:13:44 913
1095587, 2023-08-28 10:16:15, manudo, cer1, up, 16155, 49670, pop-prd-pthalos000, 
9:07:39 547
1096181, 2023-08-28 19:12:22, manudo, cer1, down, 16155, 49670, pop-prd-pthalos000, 
8:56:07 536
1097496, 2023-08-29 10:59:08, manudo, cer1, up, 50489, 5960, pop-prd-pthalos000, 
15:46:46 946
1099330, 2023-08-29 23:24:54, manudo, cer1, down, 50489, 5960, pop-prd-pthalos000, 
12:25:46 745
1100432, 2023-08-30 10:17:19, manudo, cer1, up, 56031, 3890, pop-prd-pthalos000, 
10:52:25 652
1101659, 2023-08-31 01:00:05, manudo, cer1, down, 56031, 3890, pop-prd-pthalos000, 
14:42:46 882
1102344, 2023-08-31 10:22:08, manudo, cer1, up, 46800, 18744, pop-prd-pthalos000, 
9:22:03 562
1102837, 2023-08-31 17:06:09, manudo, cer1, down, 46800, 18744, pop-prd-pthalos000, 
6:44:01 404
1102843, 2023-08-31 17:06:09, manudo, cer1, up, 41063, 25745, pop-prd-pthalos000, 
0:00:00 0
remove me!
1103414, 2023-08-31 20:50:36, manudo, cer1, down, 41063, 25745, pop-prd-pthalos000, 
3:44:27 224
1104552, 2023-09-01 13:03:54, manudo, cer1, up, 38911, 40912, pop-prd-pthalos000, 
16:13:18 973
1104707, 2023-09-01 15:06:29, manudo, cer1, down, 38911, 40912, pop-prd-pthalos000, 
2:02:35 122
1104708, 2023-09-01 15:06:45, manudo, cer1, up, 20929, 11228, pop-prd-pthalos000, 
0:00:16 0
remove me!
1104803, 2023-09-01 16:45:05, manudo, cer1, down, 20929, 11228, pop-prd-pthalos000, 
1:38:20 98
1104955, 2023-09-01 19:06:47, manudo, cer1, up, 19697, 49573, pop-prd-pthalos000, 
2:21:42 141
1105175, 2023-09-01 23:11:09, manudo, cer1, down, 19697, 49573, pop-prd-pthalos000, 
4:04:22 244
1106174, 2023-09-02 12:00:15, manudo, cer1, up, 45828, 53805, pop-prd-pthalos000, 
12:49:06 769
1106755, 2023-09-02 21:42:49, manudo, cer1, down, 45828, 53805, pop-prd-pthalos000, 
9:42:34 582
1107402, 2023-09-03 09:56:22, manudo, cer1, up, 57598, 36068, pop-prd-pthalos000, 
12:13:33 733
1107726, 2023-09-03 14:39:49, manudo, cer1, down, 57598, 36068, pop-prd-pthalos000, 
4:43:27 283
1108137, 2023-09-03 21:44:15, manudo, cer1, up, 63305, 22095, pop-prd-pthalos000, 
7:04:26 424
1108354, 2023-09-04 02:38:41, manudo, cer1, down, 63305, 22095, pop-prd-pthalos000, 
4:54:26 294
1108924, 2023-09-04 10:55:35, manudo, cer1, up, 21699, 35004, pop-prd-pthalos000, 
8:16:54 496
1108926, 2023-09-04 10:56:20, manudo, cer1, down, 21699, 35004, pop-prd-pthalos000, 
0:00:45 0
remove me!
1108927, 2023-09-04 10:56:34, manudo, cer1, up, 524, 18258, pop-prd-pthalos000, 
0:00:14 0
remove me!
1109135, 2023-09-04 14:08:15, manudo, cer1, down, 524, 18258, pop-prd-pthalos000, 
3:11:41 191
1109522, 2023-09-04 21:39:37, manudo, cer1, up, 5486, 54660, pop-prd-pthalos000, 
7:31:22 451
1109633, 2023-09-05 00:12:54, manudo, cer1, down, 5486, 54660, pop-prd-pthalos000, 
2:33:17 153
1110385, 2023-09-05 11:56:22, manudo, cer1, up, 5624, 58125, pop-prd-pthalos000, 
11:43:28 703
1110386, 2023-09-05 11:59:08, manudo, cer1, down, 5624, 58125, pop-prd-pthalos000, 
0:02:46 2
remove me!
1110483, 2023-09-05 13:51:54, manudo, cer1, up, 40307, 38393, pop-prd-pthalos000, 
1:52:46 112
1110484, 2023-09-05 13:56:05, manudo, cer1, down, 40307, 38393, pop-prd-pthalos000, 
0:04:11 4
remove me!
1111099, 2023-09-05 22:07:30, manudo, cer1, up, 46005, 14690, pop-prd-pthalos000, 
8:11:25 491
1111101, 2023-09-05 22:08:03, manudo, cer1, down, 46005, 14690, pop-prd-pthalos000, 
0:00:33 0
remove me!
1111103, 2023-09-05 22:08:16, manudo, cer1, up, 53449, 15997, pop-prd-pthalos000, 
0:00:13 0
remove me!
1111117, 2023-09-05 22:16:03, manudo, cer1, down, 53449, 15997, pop-prd-pthalos000, 
0:07:47 7
remove me!
1111119, 2023-09-05 22:16:16, manudo, cer1, up, 40813, 28394, pop-prd-pthalos000, 
0:00:13 0
remove me!
1111193, 2023-09-05 23:28:02, manudo, cer1, down, 40813, 28394, pop-prd-pthalos000, 
1:11:46 71
1130306, 2023-09-17 16:19:48, manudo, cer1, up, 6949, 60309, pop-prd-pthalos000, 
11 days, 16:51:46 1011
1130307, 2023-09-17 16:20:55, manudo, cer1, down, 6949, 60309, pop-prd-pthalos000, 
0:01:07 1
remove me!
1130309, 2023-09-17 16:21:07, manudo, cer1, up, 43003, 12215, pop-prd-pthalos000, 
0:00:12 0
remove me!
1130685, 2023-09-18 01:17:03, manudo, cer1, down, 43003, 12215, pop-prd-pthalos000, 
8:55:56 535
1131559, 2023-09-18 16:29:09, manudo, cer1, up, 29260, 558, pop-prd-pthalos000, 
15:12:06 912
1131567, 2023-09-18 16:32:45, manudo, cer1, down, 29260, 558, pop-prd-pthalos000, 
0:03:36 3
remove me!
1131601, 2023-09-18 16:48:06, manudo, cer1, up, 52755, 10150, pop-prd-pthalos000, 
0:15:21 15
1132698, 2023-09-19 02:02:08, manudo, cer1, down, 52755, 10150, pop-prd-pthalos000, 
9:14:02 554
1133668, 2023-09-19 15:02:41, manudo, cer1, up, 32635, 914, pop-prd-pthalos000, 
13:00:33 780
1134115, 2023-09-19 23:59:10, manudo, cer1, down, 32635, 914, pop-prd-pthalos000, 
8:56:29 536
1135044, 2023-09-20 13:15:40, manudo, cer1, up, 56012, 51911, pop-prd-pthalos000, 
13:16:30 796
1135357, 2023-09-20 19:47:30, manudo, cer1, down, 56012, 51911, pop-prd-pthalos000, 
6:31:50 391
1136879, 2023-09-21 14:53:54, manudo, cer1, up, 18111, 44919, pop-prd-pthalos000, 
19:06:24 1146
1137234, 2023-09-21 20:58:54, manudo, cer1, down, 18111, 44919, pop-prd-pthalos000, 
6:05:00 365
1138053, 2023-09-22 08:20:05, manudo, cer1, up, 37911, 31093, pop-prd-pthalos000, 
11:21:11 681
1138399, 2023-09-22 14:00:59, manudo, cer1, down, 37911, 31093, pop-prd-pthalos000, 
5:40:54 340
1138400, 2023-09-22 14:01:20, manudo, cer1, up, 29039, 62702, pop-prd-pthalos000, 
0:00:21 0
remove me!
1138584, 2023-09-22 15:57:24, manudo, cer1, down, 29039, 62702, pop-prd-pthalos000, 
1:56:04 116
1140110, 2023-09-23 12:55:49, manudo, cer1, up, 12946, 13468, pop-prd-pthalos000, 
20:58:25 1258
1140202, 2023-09-23 14:25:32, manudo, cer1, down, 12946, 13468, pop-prd-pthalos000, 
1:29:43 89
1140496, 2023-09-23 17:40:27, manudo, cer1, up, 32283, 30595, pop-prd-pthalos000, 
3:14:55 194
1140718, 2023-09-23 22:02:38, manudo, cer1, down, 32283, 30595, pop-prd-pthalos000, 
4:22:11 262
1141137, 2023-09-24 08:17:52, manudo, cer1, up, 16903, 47206, pop-prd-pthalos000, 
10:15:14 615
1141856, 2023-09-24 18:27:18, manudo, cer1, down, 16903, 47206, pop-prd-pthalos000, 
10:09:26 609
1142216, 2023-09-24 23:04:32, manudo, cer1, up, 58186, 60331, pop-prd-pthalos000, 
4:37:14 277
1142298, 2023-09-25 00:22:17, manudo, cer1, down, 58186, 60331, pop-prd-pthalos000, 
1:17:45 77
1142779, 2023-09-25 08:50:28, manudo, cer1, up, 37484, 818, pop-prd-pthalos000, 
8:28:11 508
1142825, 2023-09-25 09:25:35, manudo, cer1, down, 37484, 818, pop-prd-pthalos000, 
0:35:07 35
1142834, 2023-09-25 09:25:52, manudo, cer1, up, 39301, 58996, pop-prd-pthalos000, 
0:00:17 0
remove me!
1143115, 2023-09-25 13:21:35, manudo, cer1, down, 39301, 58996, pop-prd-pthalos000, 
3:55:43 235
1143128, 2023-09-25 13:44:07, manudo, cer1, up, 4907, 45413, pop-prd-pthalos000, 
0:22:32 22
1143251, 2023-09-25 15:54:12, manudo, cer1, down, 4907, 45413, pop-prd-pthalos000, 
2:10:05 130
1144493, 2023-09-26 14:17:42, manudo, cer1, down, 4024, 59391, pop-prd-pthalos000, 
22:23:30 1343
1144495, 2023-09-26 14:18:28, manudo, cer1, up, 4024, 41561, pop-prd-pthalos000, 
0:00:46 0
remove me!
1145025, 2023-09-26 20:19:23, manudo, cer1, down, 4024, 41561, pop-prd-pthalos000, 
6:00:55 360
1146010, 2023-09-27 12:38:56, manudo, cer1, up, 7377, 8726, pop-prd-pthalos000, 
16:19:33 979
1146066, 2023-09-27 13:02:50, manudo, cer1, down, 7377, 8726, pop-prd-pthalos000, 
0:23:54 23
1146135, 2023-09-27 13:43:41, manudo, cer1, up, 35484, 55309, pop-prd-pthalos000, 
0:40:51 40
1146270, 2023-09-27 15:01:58, manudo, cer1, down, 35484, 55309, pop-prd-pthalos000, 
1:18:17 78
1146522, 2023-09-27 15:10:26, manudo, cer1, up, 3895, 45479, pop-prd-pthalos000, 
0:08:28 8
remove me!
1146804, 2023-09-27 15:38:17, manudo, cer1, down, 3895, 45479, pop-prd-pthalos000, 
0:27:51 27
1147240, 2023-09-27 20:16:02, manudo, cer1, up, 61613, 27264, pop-prd-pthalos000, 
4:37:45 277
1147686, 2023-09-28 00:29:29, manudo, cer1, down, 61613, 27264, pop-prd-pthalos000, 
4:13:27 253
1148741, 2023-09-28 11:11:58, manudo, cer1, up, 17392, 37793, pop-prd-pthalos000, 
10:42:29 642
1148767, 2023-09-28 11:22:05, manudo, cer1, down, 17392, 37793, pop-prd-pthalos000, 
0:10:07 10
remove me!
1148802, 2023-09-28 11:32:30, manudo, cer1, up, 35318, 14463, pop-prd-pthalos000, 
0:10:25 10
remove me!
1149741, 2023-09-28 21:30:00, manudo, cer1, down, 35318, 14463, pop-prd-pthalos000, 
9:57:30 597
1150551, 2023-09-29 16:03:07, manudo, cer1, up, 57543, 10744, pop-prd-pthalos000, 
18:33:07 1113
1150793, 2023-09-29 22:13:23, manudo, cer1, down, 57543, 10744, pop-prd-pthalos000, 
6:10:16 370
1151432, 2023-09-30 10:18:07, manudo, cer1, up, 21556, 55897, pop-prd-pthalos000, 
12:04:44 724
1151993, 2023-09-30 19:02:02, manudo, cer1, down, 21556, 55897, pop-prd-pthalos000, 
8:43:55 523
1152005, 2023-09-30 19:41:25, manudo, cer1, up, 11389, 64746, pop-prd-pthalos000, 
0:39:23 39
1152011, 2023-09-30 19:46:07, manudo, cer1, down, 11389, 64746, pop-prd-pthalos000, 
0:04:42 4
remove me!
1153135, 2023-10-01 14:32:22, manudo, cer1, up, 58601, 47528, pop-prd-pthalos000, 
18:46:15 1126
1153582, 2023-10-01 19:52:37, manudo, cer1, down, 58601, 47528, pop-prd-pthalos000, 
5:20:15 320
1154922, 2023-10-02 08:55:55, manudo, cer1, up, 57320, 65283, pop-prd-pthalos000, 
13:03:18 783
1155357, 2023-10-02 15:44:24, manudo, cer1, down, 57320, 65283, pop-prd-pthalos000, 
6:48:29 408
1155434, 2023-10-02 17:37:41, manudo, cer1, up, 20479, 55741, pop-prd-pthalos000, 
1:53:17 113
1155455, 2023-10-02 18:22:12, manudo, cer1, down, 20479, 55741, pop-prd-pthalos000, 
0:44:31 44
1156417, 2023-10-03 16:27:49, manudo, cer1, up, 54986, 36739, pop-prd-pthalos000, 
22:05:37 1325
1156841, 2023-10-03 23:45:29, manudo, cer1, down, 54986, 36739, pop-prd-pthalos000, 
7:17:40 437
1157501, 2023-10-04 11:13:18, manudo, cer1, up, 19366, 1255, pop-prd-pthalos000, 
11:27:49 687
1157963, 2023-10-04 20:26:53, manudo, cer1, down, 19366, 1255, pop-prd-pthalos000, 
9:13:35 553
1158840, 2023-10-05 14:54:28, manudo, cer1, up, 57296, 18776, pop-prd-pthalos000, 
18:27:35 1107
1159347, 2023-10-05 22:44:25, manudo, cer1, down, 57296, 18776, pop-prd-pthalos000, 
7:49:57 469
1160322, 2023-10-06 10:20:23, manudo, cer1, up, 31942, 14275, pop-prd-pthalos000, 
11:35:58 695
1160703, 2023-10-06 16:04:14, manudo, cer1, down, 31942, 14275, pop-prd-pthalos000, 
5:43:51 343
1160719, 2023-10-06 16:14:34, manudo, cer1, up, 58556, 38500, pop-prd-pthalos000, 
0:10:20 10
remove me!
1161023, 2023-10-06 20:34:46, manudo, cer1, down, 58556, 38500, pop-prd-pthalos000, 
4:20:12 260
1161889, 2023-10-07 15:08:52, manudo, cer1, up, 21813, 26340, pop-prd-pthalos000, 
18:34:06 1114
1161892, 2023-10-07 15:13:44, manudo, cer1, down, 21813, 26340, pop-prd-pthalos000, 
0:04:52 4
remove me!
1183941, 2023-10-21 14:43:34, manudo, cer1, up, 1562, 24951, pop-prd-pthalos000, 
13 days, 23:29:50 1409
1183983, 2023-10-21 14:44:12, manudo, cer1, down, 1562, 24951, pop-prd-pthalos000, 
0:00:38 0
remove me!
1183984, 2023-10-21 14:44:29, manudo, cer1, up, 33511, 17100, pop-prd-pthalos000, 
0:00:17 0
remove me!
1184274, 2023-10-21 20:09:28, manudo, cer1, down, 33511, 17100, pop-prd-pthalos000, 
5:24:59 324
1187235, 2023-10-23 20:10:05, manudo, cer1, up, 6170, 1711, pop-prd-pthalos000, 
2 days, 0:00:37 0
remove me!
1187534, 2023-10-24 00:00:46, manudo, cer1, down, 6170, 1711, pop-prd-pthalos000, 
3:50:41 230
1188481, 2023-10-24 19:55:32, manudo, cer1, up, 53812, 11686, pop-prd-pthalos000, 
19:54:46 1194
1188577, 2023-10-24 21:53:46, manudo, cer1, down, 53812, 11686, pop-prd-pthalos000, 
1:58:14 118
1189076, 2023-10-25 08:38:25, manudo, cer1, up, 16528, 20156, pop-prd-pthalos000, 
10:44:39 644
1189536, 2023-10-25 14:35:09, manudo, cer1, down, 16528, 20156, pop-prd-pthalos000, 
5:56:44 356
1190064, 2023-10-25 21:26:10, manudo, cer1, up, 56916, 45328, pop-prd-pthalos000, 
6:51:01 411
1190265, 2023-10-26 00:24:04, manudo, cer1, down, 56916, 45328, pop-prd-pthalos000, 
2:57:54 177
1190330, 2023-10-26 01:19:07, manudo, cer1, up, 10425, 60593, pop-prd-pthalos000, 
0:55:03 55
1190814, 2023-10-26 07:49:16, manudo, cer1, down, 10425, 60593, pop-prd-pthalos000, 
6:30:09 390
1191071, 2023-10-26 10:28:04, manudo, cer1, up, 14680, 6385, pop-prd-pthalos000, 
2:38:48 158
1191563, 2023-10-26 14:16:12, manudo, cer1, down, 14680, 6385, pop-prd-pthalos000, 
3:48:08 228
1192197, 2023-10-26 21:27:29, manudo, cer1, up, 34385, 28629, pop-prd-pthalos000, 
7:11:17 431
1192756, 2023-10-27 04:34:22, manudo, cer1, down, 34385, 28629, pop-prd-pthalos000, 
7:06:53 426
1193206, 2023-10-27 10:13:01, manudo, cer1, up, 41656, 21151, pop-prd-pthalos000, 
5:38:39 338
1193488, 2023-10-27 14:37:56, manudo, cer1, down, 41656, 21151, pop-prd-pthalos000, 
4:24:55 264
1193991, 2023-10-27 21:25:15, manudo, cer1, up, 43145, 27993, pop-prd-pthalos000, 
6:47:19 407
1194405, 2023-10-28 05:06:15, manudo, cer1, down, 43145, 27993, pop-prd-pthalos000, 
7:41:00 461
1194879, 2023-10-28 10:21:39, manudo, cer1, up, 63572, 7280, pop-prd-pthalos000, 
5:15:24 315
1195084, 2023-10-28 12:47:57, manudo, cer1, down, 63572, 7280, pop-prd-pthalos000, 
2:26:18 146
1195089, 2023-10-28 12:49:47, manudo, cer1, up, 27562, 52913, pop-prd-pthalos000, 
0:01:50 1
remove me!
1195138, 2023-10-28 13:14:34, manudo, cer1, down, 27562, 52913, pop-prd-pthalos000, 
0:24:47 24
1195143, 2023-10-28 13:18:39, manudo, cer1, up, 15330, 29429, pop-prd-pthalos000, 
0:04:05 4
remove me!
1195488, 2023-10-28 16:47:26, manudo, cer1, down, 15330, 29429, pop-prd-pthalos000, 
3:28:47 208
1196227, 2023-10-28 21:32:22, manudo, cer1, up, 62549, 5111, pop-prd-pthalos000, 
4:44:56 284
1197116, 2023-10-29 04:34:03, manudo, cer1, down, 62549, 5111, pop-prd-pthalos000, 
7:01:41 421
1198545, 2023-10-29 20:39:01, manudo, cer1, up, 51912, 13759, pop-prd-pthalos000, 
16:04:58 964
1198854, 2023-10-30 01:24:09, manudo, cer1, down, 51912, 13759, pop-prd-pthalos000, 
4:45:08 285
1199405, 2023-10-30 09:26:47, manudo, cer1, up, 245, 32838, pop-prd-pthalos000, 
8:02:38 482
1199718, 2023-10-30 14:41:44, manudo, cer1, down, 245, 32838, pop-prd-pthalos000, 
5:14:57 314
1200214, 2023-10-30 20:59:15, manudo, cer1, up, 64697, 23395, pop-prd-pthalos000, 
6:17:31 377
1200216, 2023-10-30 21:00:23, manudo, cer1, down, 64697, 23395, pop-prd-pthalos000, 
0:01:08 1
remove me!
1200240, 2023-10-30 21:10:26, manudo, cer1, up, 3259, 39873, pop-prd-pthalos000, 
0:10:03 10
remove me!
1200931, 2023-10-31 06:15:23, manudo, cer1, down, 3259, 39873, pop-prd-pthalos000, 
9:04:57 544
1201271, 2023-10-31 10:49:21, manudo, cer1, up, 63014, 29250, pop-prd-pthalos000, 
4:33:58 273
1201606, 2023-10-31 14:42:30, manudo, cer1, down, 63014, 29250, pop-prd-pthalos000, 
3:53:09 233
1202157, 2023-10-31 21:13:57, manudo, cer1, up, 41655, 26041, pop-prd-pthalos000, 
6:31:27 391
1202628, 2023-11-01 07:38:12, manudo, cer1, down, 41655, 26041, pop-prd-pthalos000, 
10:24:15 624
1202806, 2023-11-01 11:06:48, manudo, cer1, up, 54360, 30364, pop-prd-pthalos000, 
3:28:36 208
1202958, 2023-11-01 14:08:31, manudo, cer1, down, 54360, 30364, pop-prd-pthalos000, 
3:01:43 181
1203359, 2023-11-01 21:02:29, manudo, cer1, up, 48870, 4704, pop-prd-pthalos000, 
6:53:58 413
1204065, 2023-11-02 07:02:40, manudo, cer1, down, 48870, 4704, pop-prd-pthalos000, 
10:00:11 600
1204481, 2023-11-02 11:22:17, manudo, cer1, up, 10227, 35261, pop-prd-pthalos000, 
4:19:37 259
1204828, 2023-11-02 14:37:59, manudo, cer1, down, 10227, 35261, pop-prd-pthalos000, 
3:15:42 195
1205250, 2023-11-02 20:45:03, manudo, cer1, up, 2286, 5688, pop-prd-pthalos000, 
6:07:04 367
1205327, 2023-11-02 22:33:25, manudo, cer1, down, 2286, 5688, pop-prd-pthalos000, 
1:48:22 108
1205328, 2023-11-02 22:33:43, manudo, cer1, up, 45412, 48989, pop-prd-pthalos000, 
0:00:18 0
remove me!
1205486, 2023-11-03 01:21:27, manudo, cer1, down, 45412, 48989, pop-prd-pthalos000, 
2:47:44 167
1205491, 2023-11-03 01:25:25, manudo, cer1, up, 42214, 8396, pop-prd-pthalos000, 
0:03:58 3
remove me!
1205711, 2023-11-03 05:45:39, manudo, cer1, down, 42214, 8396, pop-prd-pthalos000, 
4:20:14 260
1206181, 2023-11-03 13:33:21, manudo, cer1, up, 56596, 13103, pop-prd-pthalos000, 
7:47:42 467
1206239, 2023-11-03 14:53:32, manudo, cer1, down, 56596, 13103, pop-prd-pthalos000, 
1:20:11 80
1206533, 2023-11-03 20:41:34, manudo, cer1, up, 42136, 37576, pop-prd-pthalos000, 
5:48:02 348
1206562, 2023-11-03 21:52:31, manudo, cer1, down, 42136, 37576, pop-prd-pthalos000, 
1:10:57 70
1207226, 2023-11-04 11:08:42, manudo, cer1, up, 2367, 54047, pop-prd-pthalos000, 
13:16:11 796
1207439, 2023-11-04 14:12:01, manudo, cer1, down, 2367, 54047, pop-prd-pthalos000, 
3:03:19 183
1207915, 2023-11-04 20:36:35, manudo, cer1, up, 18310, 18002, pop-prd-pthalos000, 
6:24:34 384
1208191, 2023-11-05 02:15:09, manudo, cer1, down, 18310, 18002, pop-prd-pthalos000, 
5:38:34 338
1208689, 2023-11-05 13:26:21, manudo, cer1, up, 50816, 37633, pop-prd-pthalos000, 
11:11:12 671
1208971, 2023-11-05 18:29:58, manudo, cer1, down, 50816, 37633, pop-prd-pthalos000, 
5:03:37 303
1209717, 2023-11-06 10:09:52, manudo, cer1, up, 19095, 21402, pop-prd-pthalos000, 
15:39:54 939
1209987, 2023-11-06 14:00:14, manudo, cer1, down, 19095, 21402, pop-prd-pthalos000, 
3:50:22 230
1210394, 2023-11-06 20:47:57, manudo, cer1, up, 64992, 4333, pop-prd-pthalos000, 
6:47:43 407
1210759, 2023-11-07 02:25:10, manudo, cer1, down, 64992, 4333, pop-prd-pthalos000, 
5:37:13 337
1211315, 2023-11-07 10:49:33, manudo, cer1, up, 45781, 42932, pop-prd-pthalos000, 
8:24:23 504
1211525, 2023-11-07 13:37:13, manudo, cer1, down, 45781, 42932, pop-prd-pthalos000, 
2:47:40 167
1211564, 2023-11-07 14:04:30, manudo, cer1, up, 7068, 12771, pop-prd-pthalos000, 
0:27:17 27
1211568, 2023-11-07 14:09:15, manudo, cer1, down, 7068, 12771, pop-prd-pthalos000, 
0:04:45 4
remove me!
1212200, 2023-11-07 21:04:35, manudo, cer1, up, 30819, 62722, pop-prd-pthalos000, 
6:55:20 415
1212578, 2023-11-08 02:22:54, manudo, cer1, down, 30819, 62722, pop-prd-pthalos000, 
5:18:19 318
1213127, 2023-11-08 09:53:40, manudo, cer1, up, 55370, 2970, pop-prd-pthalos000, 
7:30:46 450
1213393, 2023-11-08 14:29:12, manudo, cer1, down, 55370, 2970, pop-prd-pthalos000, 
4:35:32 275
1213763, 2023-11-08 21:22:45, manudo, cer1, up, 43041, 29829, pop-prd-pthalos000, 
6:53:33 413
1214090, 2023-11-09 04:00:37, manudo, cer1, down, 43041, 29829, pop-prd-pthalos000, 
6:37:52 397
1214414, 2023-11-09 11:13:56, manudo, cer1, up, 47816, 60775, pop-prd-pthalos000, 
7:13:19 433
1214494, 2023-11-09 12:28:39, manudo, cer1, down, 47816, 60775, pop-prd-pthalos000, 
1:14:43 74
1219597, 2023-11-13 20:17:28, manudo, cer1, up, 5521, 10721, pop-prd-pthalos000, 
4 days, 7:48:49 468
1219625, 2023-11-13 20:48:28, manudo, cer1, down, 5521, 10721, pop-prd-pthalos000, 
0:31:00 31
1231849, 2023-11-20 14:33:50, manudo, cer1, up, 19959, 23133, pop-prd-pthalos000, 
6 days, 17:45:22 1065
1231859, 2023-11-20 14:47:32, manudo, cer1, down, 19959, 23133, pop-prd-pthalos000, 
0:13:42 13
remove me!
1239670, 2023-11-23 15:36:18, manudo, cer1, up, 58622, 35476, pop-prd-pthalos000, 
3 days, 0:48:46 48
1239672, 2023-11-23 15:37:39, manudo, cer1, down, 58622, 35476, pop-prd-pthalos000, 
0:01:21 1
remove me!
1239674, 2023-11-23 15:38:43, manudo, cer1, up, 12416, 15713, pop-prd-pthalos000, 
0:01:04 1
remove me!
1240948, 2023-11-24 01:49:26, manudo, cer1, down, 12416, 15713, pop-prd-pthalos000, 
10:10:43 610
1242882, 2023-11-24 11:15:23, manudo, cer1, up, 54992, 4290, pop-prd-pthalos000, 
9:25:57 565
1243473, 2023-11-24 15:16:11, manudo, cer1, down, 54992, 4290, pop-prd-pthalos000, 
4:00:48 240
1244338, 2023-11-24 21:43:11, manudo, cer1, up, 1663, 36326, pop-prd-pthalos000, 
6:27:00 387
1245042, 2023-11-25 04:51:10, manudo, cer1, down, 1663, 36326, pop-prd-pthalos000, 
7:07:59 427
1245725, 2023-11-25 10:47:22, manudo, cer1, up, 33124, 37973, pop-prd-pthalos000, 
5:56:12 356
1246394, 2023-11-25 15:05:03, manudo, cer1, down, 33124, 37973, pop-prd-pthalos000, 
4:17:41 257
1247139, 2023-11-25 20:56:03, manudo, cer1, up, 59987, 33011, pop-prd-pthalos000, 
5:51:00 351
1247989, 2023-11-26 02:45:49, manudo, cer1, down, 59987, 33011, pop-prd-pthalos000, 
5:49:46 349
1248050, 2023-11-26 03:15:29, manudo, cer1, up, 30622, 7833, pop-prd-pthalos000, 
0:29:40 29
1248167, 2023-11-26 04:26:26, manudo, cer1, down, 30622, 7833, pop-prd-pthalos000, 
1:10:57 70
1249225, 2023-11-26 12:20:19, manudo, cer1, up, 52484, 33282, pop-prd-pthalos000, 
7:53:53 473
1249691, 2023-11-26 16:34:07, manudo, cer1, down, 52484, 33282, pop-prd-pthalos000, 
4:13:48 253
1250058, 2023-11-26 19:48:51, manudo, cer1, up, 63633, 13283, pop-prd-pthalos000, 
3:14:44 194
1250730, 2023-11-27 00:33:12, manudo, cer1, down, 63633, 13283, pop-prd-pthalos000, 
4:44:21 284
1251891, 2023-11-27 10:18:17, manudo, cer1, up, 25326, 50558, pop-prd-pthalos000, 
9:45:05 585
1253409, 2023-11-27 20:31:40, manudo, cer1, down, 25326, 50558, pop-prd-pthalos000, 
10:13:23 613
1253413, 2023-11-27 20:32:37, manudo, cer1, up, 7835, 12796, pop-prd-pthalos000, 
0:00:57 0
remove me!
1253416, 2023-11-27 20:34:17, manudo, cer1, down, 7835, 12796, pop-prd-pthalos000, 
0:01:40 1
remove me!
1253421, 2023-11-27 20:35:21, manudo, cer1, up, 37754, 50596, pop-prd-pthalos000, 
0:01:04 1
remove me!
1253834, 2023-11-27 23:54:14, manudo, cer1, down, 37754, 50596, pop-prd-pthalos000, 
3:18:53 198
1256156, 2023-11-28 16:20:43, manudo, cer1, up, 65455, 50176, pop-prd-pthalos000, 
16:26:29 986
1257112, 2023-11-28 23:18:37, manudo, cer1, down, 65455, 50176, pop-prd-pthalos000, 
6:57:54 417
1258842, 2023-11-29 10:13:32, manudo, cer1, up, 20751, 54751, pop-prd-pthalos000, 
10:54:55 654
1261532, 2023-11-30 00:58:17, manudo, cer1, down, 20751, 54751, pop-prd-pthalos000, 
14:44:45 884
1263354, 2023-11-30 10:15:33, manudo, cer1, up, 54665, 13387, pop-prd-pthalos000, 
9:17:16 557
1264954, 2023-11-30 19:43:21, manudo, cer1, down, 54665, 13387, pop-prd-pthalos000, 
9:27:48 567
1264974, 2023-11-30 19:47:37, manudo, cer1, up, 34272, 51256, pop-prd-pthalos000, 
0:04:16 4
remove me!
1265220, 2023-11-30 20:41:40, manudo, cer1, down, 34272, 51256, pop-prd-pthalos000, 
0:54:03 54
1268494, 2023-12-01 12:52:35, manudo, cer1, up, 719, 35667, pop-prd-pthalos000, 
16:10:55 970
1269167, 2023-12-01 16:37:32, manudo, cer1, down, 719, 35667, pop-prd-pthalos000, 
3:44:57 224
1270265, 2023-12-01 21:59:57, manudo, cer1, up, 49806, 38997, pop-prd-pthalos000, 
5:22:25 322
1270771, 2023-12-02 01:11:37, manudo, cer1, down, 49806, 38997, pop-prd-pthalos000, 
3:11:40 191
1272638, 2023-12-02 14:12:45, manudo, cer1, up, 15515, 14833, pop-prd-pthalos000, 
13:01:08 781
1272920, 2023-12-02 16:22:12, manudo, cer1, down, 15515, 14833, pop-prd-pthalos000, 
2:09:27 129
1272927, 2023-12-02 16:23:59, manudo, cer1, up, 45045, 27489, pop-prd-pthalos000, 
0:01:47 1
remove me!
1273269, 2023-12-02 19:06:36, manudo, cer1, down, 45045, 27489, pop-prd-pthalos000, 
2:42:37 162
1275198, 2023-12-03 06:56:10, manudo, cer1, up, 34191, 39393, pop-prd-pthalos000, 
11:49:34 709
1278895, 2023-12-04 11:33:15, manudo, cer1, down, 34191, 39393, pop-prd-pthalos000, 
1 day, 4:37:05 277
1278896, 2023-12-04 11:33:15, manudo, cer1, up, 37972, 19257, pop-prd-pthalos000, 
0:00:00 0
remove me!
1279437, 2023-12-04 14:09:53, manudo, cer1, down, 37972, 19257, pop-prd-pthalos000, 
2:36:38 156
1279452, 2023-12-04 14:13:05, manudo, cer1, up, 48387, 48951, pop-prd-pthalos000, 
0:03:12 3
remove me!
1279876, 2023-12-04 16:26:11, manudo, cer1, down, 48387, 48951, pop-prd-pthalos000, 
2:13:06 133
1279881, 2023-12-04 16:27:46, manudo, cer1, up, 60188, 62653, pop-prd-pthalos000, 
0:01:35 1
remove me!
1281261, 2023-12-05 00:25:37, manudo, cer1, down, 60188, 62653, pop-prd-pthalos000, 
7:57:51 477
1282674, 2023-12-05 10:28:50, manudo, cer1, up, 63419, 21076, pop-prd-pthalos000, 
10:03:13 603
1284370, 2023-12-05 20:46:34, manudo, cer1, down, 63419, 21076, pop-prd-pthalos000, 
10:17:44 617
1286944, 2023-12-06 14:17:54, manudo, cer1, up, 25809, 63290, pop-prd-pthalos000, 
17:31:20 1051
1287168, 2023-12-06 15:27:28, manudo, cer1, down, 25809, 63290, pop-prd-pthalos000, 
1:09:34 69
1287751, 2023-12-06 19:19:47, manudo, cer1, up, 29011, 56020, pop-prd-pthalos000, 
3:52:19 232
1288511, 2023-12-07 00:30:26, manudo, cer1, down, 29011, 56020, pop-prd-pthalos000, 
5:10:39 310
1289847, 2023-12-07 10:24:00, manudo, cer1, up, 47970, 17456, pop-prd-pthalos000, 
9:53:34 593
1293590, 2023-12-08 08:41:50, manudo, cer1, down, 47970, 17456, pop-prd-pthalos000, 
22:17:50 1337
1310224, 2023-12-12 16:44:05, manudo, cer1, up, 63757, 53590, pop-prd-pthalos000, 
4 days, 8:02:15 482
1311687, 2023-12-13 01:06:11, manudo, cer1, down, 63757, 53590, pop-prd-pthalos000, 
8:22:06 502
1313832, 2023-12-13 13:11:44, manudo, cer1, up, 29327, 31323, pop-prd-pthalos000, 
12:05:33 725
1315767, 2023-12-14 00:56:47, manudo, cer1, down, 29327, 31323, pop-prd-pthalos000, 
11:45:03 705
1317144, 2023-12-14 10:10:29, manudo, cer1, up, 53173, 27117, pop-prd-pthalos000, 
9:13:42 553
1317571, 2023-12-14 11:07:36, manudo, cer1, down, 53173, 27117, pop-prd-pthalos000, 
0:57:07 57
1317572, 2023-12-14 11:07:36, manudo, cer1, up, 16316, 56397, pop-prd-pthalos000, 
0:00:00 0
remove me!
1319008, 2023-12-14 17:56:49, manudo, cer1, down, 16316, 56397, pop-prd-pthalos000, 
6:49:13 409
1319016, 2023-12-14 17:58:29, manudo, cer1, up, 40977, 47290, pop-prd-pthalos000, 
0:01:40 1
remove me!
1320136, 2023-12-14 23:13:03, manudo, cer1, down, 40977, 47290, pop-prd-pthalos000, 
5:14:34 314
1322308, 2023-12-15 10:45:01, manudo, cer1, up, 45833, 7523, pop-prd-pthalos000, 
11:31:58 691
1323362, 2023-12-15 15:59:47, manudo, cer1, down, 45833, 7523, pop-prd-pthalos000, 
5:14:46 314
1324501, 2023-12-15 22:10:16, manudo, cer1, up, 43024, 15646, pop-prd-pthalos000, 
6:10:29 370
1325597, 2023-12-16 03:47:17, manudo, cer1, down, 43024, 15646, pop-prd-pthalos000, 
5:37:01 337
1325599, 2023-12-16 03:48:46, manudo, cer1, up, 37708, 51240, pop-prd-pthalos000, 
0:01:29 1
remove me!
1326170, 2023-12-16 07:53:24, manudo, cer1, down, 37708, 51240, pop-prd-pthalos000, 
4:04:38 244
1327262, 2023-12-16 14:12:11, manudo, cer1, up, 26723, 50450, pop-prd-pthalos000, 
6:18:47 378
1327276, 2023-12-16 14:22:29, manudo, cer1, down, 26723, 50450, pop-prd-pthalos000, 
0:10:18 10
remove me!
1327281, 2023-12-16 14:24:08, manudo, cer1, up, 59383, 26262, pop-prd-pthalos000, 
0:01:39 1
remove me!
1327981, 2023-12-16 18:49:10, manudo, cer1, down, 59383, 26262, pop-prd-pthalos000, 
4:25:02 265
1330205, 2023-12-17 08:55:55, manudo, cer1, up, 34698, 33504, pop-prd-pthalos000, 
14:06:45 846
1330773, 2023-12-17 12:23:36, manudo, cer1, down, 34698, 33504, pop-prd-pthalos000, 
3:27:41 207
1330780, 2023-12-17 12:25:09, manudo, cer1, up, 21103, 35955, pop-prd-pthalos000, 
0:01:33 1
remove me!
1331247, 2023-12-17 14:22:33, manudo, cer1, down, 21103, 35955, pop-prd-pthalos000, 
1:57:24 117
1331248, 2023-12-17 14:22:33, manudo, cer1, up, 35693, 29172, pop-prd-pthalos000, 
0:00:00 0
remove me!
1331562, 2023-12-17 14:32:10, manudo, cer1, down, 35693, 29172, pop-prd-pthalos000, 
0:09:37 9
remove me!
1332765, 2023-12-17 21:00:59, manudo, cer1, up, 44596, 59614, pop-prd-pthalos000, 
6:28:49 388
1333132, 2023-12-17 22:49:07, manudo, cer1, down, 44596, 59614, pop-prd-pthalos000, 
1:48:08 108
1333133, 2023-12-17 22:49:07, manudo, cer1, up, 17282, 13956, pop-prd-pthalos000, 
0:00:00 0
remove me!
1334157, 2023-12-18 03:39:40, manudo, cer1, down, 17282, 13956, pop-prd-pthalos000, 
4:50:33 290
1335494, 2023-12-18 12:13:50, manudo, cer1, up, 60088, 10935, pop-prd-pthalos000, 
8:34:10 514
1335757, 2023-12-18 13:28:48, manudo, cer1, down, 60088, 10935, pop-prd-pthalos000, 
1:14:58 74
1335760, 2023-12-18 13:30:13, manudo, cer1, up, 36169, 52603, pop-prd-pthalos000, 
0:01:25 1
remove me!
1337393, 2023-12-18 22:29:06, manudo, cer1, down, 36169, 52603, pop-prd-pthalos000, 
8:58:53 538
1339827, 2023-12-19 10:29:31, manudo, cer1, up, 24392, 12932, pop-prd-pthalos000, 
12:00:25 720
1341793, 2023-12-19 19:57:53, manudo, cer1, down, 24392, 12932, pop-prd-pthalos000, 
9:28:22 568
1341819, 2023-12-19 20:04:21, manudo, cer1, up, 22733, 13144, pop-prd-pthalos000, 
0:06:28 6
remove me!
1342383, 2023-12-19 23:32:36, manudo, cer1, down, 22733, 13144, pop-prd-pthalos000, 
3:28:15 208
1344550, 2023-12-20 15:46:42, manudo, cer1, up, 18381, 44917, pop-prd-pthalos000, 
16:14:06 974
1345744, 2023-12-20 23:54:49, manudo, cer1, down, 18381, 44917, pop-prd-pthalos000, 
8:08:07 488
1347411, 2023-12-21 10:19:16, manudo, cer1, up, 35924, 55553, pop-prd-pthalos000, 
10:24:27 624
1349703, 2023-12-21 23:03:47, manudo, cer1, down, 35924, 55553, pop-prd-pthalos000, 
12:44:31 764
1352091, 2023-12-22 10:30:07, manudo, cer1, up, 19862, 15566, pop-prd-pthalos000, 
11:26:20 686
1352781, 2023-12-22 14:48:13, manudo, cer1, down, 19862, 15566, pop-prd-pthalos000, 
4:18:06 258
1353845, 2023-12-22 20:04:39, manudo, cer1, up, 48140, 35373, pop-prd-pthalos000, 
5:16:26 316
1355714, 2023-12-23 06:24:59, manudo, cer1, down, 48140, 35373, pop-prd-pthalos000, 
10:20:20 620
1356265, 2023-12-23 10:43:56, manudo, cer1, up, 14934, 29154, pop-prd-pthalos000, 
4:18:57 258
1356883, 2023-12-23 14:30:11, manudo, cer1, down, 14934, 29154, pop-prd-pthalos000, 
3:46:15 226
1358052, 2023-12-23 20:13:43, manudo, cer1, up, 44627, 15785, pop-prd-pthalos000, 
5:43:32 343
1359582, 2023-12-24 05:34:26, manudo, cer1, down, 44627, 15785, pop-prd-pthalos000, 
9:20:43 560
1360483, 2023-12-24 10:40:45, manudo, cer1, up, 40123, 25561, pop-prd-pthalos000, 
5:06:19 306
1361212, 2023-12-24 14:45:13, manudo, cer1, down, 40123, 25561, pop-prd-pthalos000, 
4:04:28 244
1362196, 2023-12-24 20:01:18, manudo, cer1, up, 24144, 31500, pop-prd-pthalos000, 
5:16:05 316
1363794, 2023-12-25 05:00:57, manudo, cer1, down, 24144, 31500, pop-prd-pthalos000, 
8:59:39 539
1365441, 2023-12-25 13:22:49, manudo, cer1, up, 46524, 33449, pop-prd-pthalos000, 
8:21:52 501
1366515, 2023-12-25 19:10:25, manudo, cer1, down, 46524, 33449, pop-prd-pthalos000, 
5:47:36 347
1371266, 2023-12-26 22:33:55, manudo, cer1, up, 9388, 63187, pop-prd-pthalos000, 
1 day, 3:23:30 203
1371300, 2023-12-26 22:44:16, manudo, cer1, down, 9388, 63187, pop-prd-pthalos000, 
0:10:21 10
remove me!
1568759, 2024-01-10 17:46:07, manudo, cer1, up, 36445, 16980, pop-prd-pthalos000, 
14 days, 19:01:51 1141
1568870, 2024-01-10 18:26:58, manudo, cer1, down, 36445, 16980, pop-prd-pthalos000, 
0:40:51 40
1575199, 2024-01-11 20:13:28, manudo, cer1, up, 3711, 6362, pop-prd-pthalos000, 
1 day, 1:46:30 106
1575203, 2024-01-11 20:14:58, manudo, cer1, down, 3711, 6362, pop-prd-pthalos000, 
0:01:30 1
remove me!
1575231, 2024-01-11 20:25:38, manudo, cer1, up, 55658, 62687, pop-prd-pthalos000, 
0:10:40 10
remove me!
1575260, 2024-01-11 20:39:14, manudo, cer1, down, 55658, 62687, pop-prd-pthalos000, 
0:13:36 13
remove me!
1580106, 2024-01-12 18:58:19, manudo, cer1, up, 30319, 38991, pop-prd-pthalos000, 
22:19:05 1339
1580152, 2024-01-12 19:10:30, manudo, cer1, down, 30319, 38991, pop-prd-pthalos000, 
0:12:11 12
remove me!
[['969533', '2023-06-22 19:36:05', 'manudo', 'cer1', 'up', '57157', '20546', 'pop-prd-pthalos000', ''], ['970006', '2023-06-22 22:05:24', 'manudo', 'cer1', 'down', '57157', '20546', 'pop-prd-pthalos000', ''], ['970190', '2023-06-22 23:19:02', 'manudo', 'cer1', 'up', '42436', '22851', 'pop-prd-pthalos000', ''], ['970279', '2023-06-22 23:42:31', 'manudo', 'cer1', 'up', '18165', '24694', 'pop-prd-pthalos000', ''], ['970384', '2023-06-23 00:17:45', 'manudo', 'cer1', 'down', '18165', '24694', 'pop-prd-pthalos000', ''], ['972714', '2023-06-23 14:23:34', 'manudo', 'cer1', 'up', '29894', '8778', 'pop-prd-pthalos000', ''], ['973147', '2023-06-23 16:43:03', 'manudo', 'cer1', 'up', '57975', '62239', 'pop-prd-pthalos000', ''], ['973275', '2023-06-23 17:22:01', 'manudo', 'cer1', 'up', '56339', '65473', 'pop-prd-pthalos000', ''], ['973491', '2023-06-23 18:27:16', 'manudo', 'cer1', 'down', '56339', '65473', 'pop-prd-pthalos000', ''], ['973562', '2023-06-23 18:51:07', 'manudo', 'cer1', 'up', '9619', '20381', 'pop-prd-pthalos000', ''], ['974053', '2023-06-23 21:55:55', 'manudo', 'cer1', 'up', '6226', '22182', 'pop-prd-pthalos000', ''], ['974151', '2023-06-23 22:43:39', 'manudo', 'cer1', 'down', '6226', '22182', 'pop-prd-pthalos000', ''], ['976360', '2023-06-24 14:44:17', 'manudo', 'cer1', 'up', '34884', '34606', 'pop-prd-pthalos000', ''], ['976621', '2023-06-24 16:44:16', 'manudo', 'cer1', 'down', '49897', '21133', 'pop-prd-pthalos000', ''], ['1014431', '2023-07-15 16:14:29', 'manudo', 'cer1', 'up', '22084', '41269', 'pop-prd-pthalos000', ''], ['1014461', '2023-07-15 16:36:42', 'manudo', 'cer1', 'up', '62410', '10544', 'pop-prd-pthalos000', ''], ['1014517', '2023-07-15 17:31:31', 'manudo', 'cer1', 'down', '62410', '10544', 'pop-prd-pthalos000', ''], ['1017412', '2023-07-17 13:18:01', 'manudo', 'cer1', 'up', '19027', '61370', 'pop-prd-pthalos000', ''], ['1017521', '2023-07-17 14:39:27', 'manudo', 'cer1', 'up', '3606', '25795', 'pop-prd-pthalos000', ''], ['1017987', '2023-07-17 21:07:03', 'manudo', 'cer1', 'up', '1015', '9597', 'pop-prd-pthalos000', ''], ['1018027', '2023-07-17 21:53:59', 'manudo', 'cer1', 'down', '1015', '9597', 'pop-prd-pthalos000', ''], ['1019458', '2023-07-18 15:26:21', 'manudo', 'cer1', 'up', '14481', '11597', 'pop-prd-pthalos000', ''], ['1019994', '2023-07-18 19:59:01', 'manudo', 'cer1', 'down', '14481', '11597', 'pop-prd-pthalos000', ''], ['1021177', '2023-07-19 12:41:26', 'manudo', 'cer1', 'up', '51430', '52684', 'pop-prd-pthalos000', ''], ['1022182', '2023-07-19 22:06:55', 'manudo', 'cer1', 'down', '51430', '52684', 'pop-prd-pthalos000', ''], ['1023280', '2023-07-20 10:36:27', 'manudo', 'cer1', 'up', '59134', '54927', 'pop-prd-pthalos000', ''], ['1023418', '2023-07-20 11:49:53', 'manudo', 'cer1', 'down', '59134', '54927', 'pop-prd-pthalos000', ''], ['1049965', '2023-08-05 15:57:50', 'manudo', 'cer1', 'up', '17728', '37833', 'pop-prd-pthalos000', ''], ['1050071', '2023-08-05 17:53:38', 'manudo', 'cer1', 'down', '17728', '37833', 'pop-prd-pthalos000', ''], ['1054787', '2023-08-08 15:04:46', 'manudo', 'cer1', 'up', '56167', '26435', 'pop-prd-pthalos000', ''], ['1054825', '2023-08-08 15:29:19', 'manudo', 'cer1', 'down', '56167', '26435', 'pop-prd-pthalos000', ''], ['1068241', '2023-08-15 14:01:30', 'manudo', 'cer1', 'up', '43126', '46435', 'pop-prd-pthalos000', ''], ['1068587', '2023-08-15 16:57:58', 'manudo', 'cer1', 'up', '38790', '52135', 'pop-prd-pthalos000', ''], ['1068646', '2023-08-15 17:15:44', 'manudo', 'cer1', 'down', '38790', '52135', 'pop-prd-pthalos000', ''], ['1071305', '2023-08-16 15:39:18', 'manudo', 'cer1', 'up', '16042', '49887', 'pop-prd-pthalos000', ''], ['1071740', '2023-08-16 20:40:55', 'manudo', 'cer1', 'down', '16042', '49887', 'pop-prd-pthalos000', ''], ['1072974', '2023-08-17 11:49:14', 'manudo', 'cer1', 'up', '51186', '30190', 'pop-prd-pthalos000', ''], ['1073155', '2023-08-17 13:33:17', 'manudo', 'cer1', 'up', '31496', '12936', 'pop-prd-pthalos000', ''], ['1074012', '2023-08-17 22:58:33', 'manudo', 'cer1', 'down', '31496', '12936', 'pop-prd-pthalos000', ''], ['1075907', '2023-08-18 14:04:51', 'manudo', 'cer1', 'up', '29301', '32598', 'pop-prd-pthalos000', ''], ['1076536', '2023-08-18 21:29:45', 'manudo', 'cer1', 'down', '29301', '32598', 'pop-prd-pthalos000', ''], ['1077881', '2023-08-19 18:03:30', 'manudo', 'cer1', 'up', '162', '52468', 'pop-prd-pthalos000', ''], ['1078325', '2023-08-20 00:11:12', 'manudo', 'cer1', 'down', '162', '52468', 'pop-prd-pthalos000', ''], ['1079018', '2023-08-20 10:36:11', 'manudo', 'cer1', 'up', '32887', '41839', 'pop-prd-pthalos000', ''], ['1080535', '2023-08-21 01:18:42', 'manudo', 'cer1', 'down', '32887', '41839', 'pop-prd-pthalos000', ''], ['1081109', '2023-08-21 10:09:33', 'manudo', 'cer1', 'up', '55372', '4173', 'pop-prd-pthalos000', ''], ['1081433', '2023-08-21 10:44:27', 'manudo', 'cer1', 'up', '10894', '364', 'pop-prd-pthalos000', ''], ['1082686', '2023-08-21 15:16:12', 'manudo', 'cer1', 'up', '55639', '31433', 'pop-prd-pthalos000', ''], ['1083099', '2023-08-21 22:00:12', 'manudo', 'cer1', 'down', '55639', '31433', 'pop-prd-pthalos000', ''], ['1084199', '2023-08-22 11:34:08', 'manudo', 'cer1', 'up', '35612', '58280', 'pop-prd-pthalos000', ''], ['1084295', '2023-08-22 12:08:14', 'manudo', 'cer1', 'up', '55652', '58295', 'pop-prd-pthalos000', ''], ['1084749', '2023-08-22 18:04:02', 'manudo', 'cer1', 'down', '55652', '58295', 'pop-prd-pthalos000', ''], ['1085391', '2023-08-23 05:03:58', 'manudo', 'cer1', 'up', '9087', '4688', 'pop-prd-pthalos000', ''], ['1086926', '2023-08-23 22:43:59', 'manudo', 'cer1', 'down', '9087', '4688', 'pop-prd-pthalos000', ''], ['1088417', '2023-08-24 13:54:13', 'manudo', 'cer1', 'up', '2000', '44053', 'pop-prd-pthalos000', ''], ['1088647', '2023-08-24 16:45:09', 'manudo', 'cer1', 'up', '15293', '27683', 'pop-prd-pthalos000', ''], ['1089183', '2023-08-24 23:39:28', 'manudo', 'cer1', 'down', '15293', '27683', 'pop-prd-pthalos000', ''], ['1090326', '2023-08-25 10:25:07', 'manudo', 'cer1', 'up', '38925', '60728', 'pop-prd-pthalos000', ''], ['1091691', '2023-08-26 00:07:59', 'manudo', 'cer1', 'down', '38925', '60728', 'pop-prd-pthalos000', ''], ['1093170', '2023-08-26 17:59:26', 'manudo', 'cer1', 'up', '53679', '56466', 'pop-prd-pthalos000', ''], ['1093431', '2023-08-26 23:39:02', 'manudo', 'cer1', 'down', '53679', '56466', 'pop-prd-pthalos000', ''], ['1093971', '2023-08-27 09:54:52', 'manudo', 'cer1', 'up', '31115', '15097', 'pop-prd-pthalos000', ''], ['1094883', '2023-08-28 01:08:36', 'manudo', 'cer1', 'down', '31115', '15097', 'pop-prd-pthalos000', ''], ['1095587', '2023-08-28 10:16:15', 'manudo', 'cer1', 'up', '16155', '49670', 'pop-prd-pthalos000', ''], ['1096181', '2023-08-28 19:12:22', 'manudo', 'cer1', 'down', '16155', '49670', 'pop-prd-pthalos000', ''], ['1097496', '2023-08-29 10:59:08', 'manudo', 'cer1', 'up', '50489', '5960', 'pop-prd-pthalos000', ''], ['1099330', '2023-08-29 23:24:54', 'manudo', 'cer1', 'down', '50489', '5960', 'pop-prd-pthalos000', ''], ['1100432', '2023-08-30 10:17:19', 'manudo', 'cer1', 'up', '56031', '3890', 'pop-prd-pthalos000', ''], ['1101659', '2023-08-31 01:00:05', 'manudo', 'cer1', 'down', '56031', '3890', 'pop-prd-pthalos000', ''], ['1102344', '2023-08-31 10:22:08', 'manudo', 'cer1', 'up', '46800', '18744', 'pop-prd-pthalos000', ''], ['1102843', '2023-08-31 17:06:09', 'manudo', 'cer1', 'up', '41063', '25745', 'pop-prd-pthalos000', ''], ['1103414', '2023-08-31 20:50:36', 'manudo', 'cer1', 'down', '41063', '25745', 'pop-prd-pthalos000', ''], ['1104552', '2023-09-01 13:03:54', 'manudo', 'cer1', 'up', '38911', '40912', 'pop-prd-pthalos000', ''], ['1104708', '2023-09-01 15:06:45', 'manudo', 'cer1', 'up', '20929', '11228', 'pop-prd-pthalos000', ''], ['1104803', '2023-09-01 16:45:05', 'manudo', 'cer1', 'down', '20929', '11228', 'pop-prd-pthalos000', ''], ['1104955', '2023-09-01 19:06:47', 'manudo', 'cer1', 'up', '19697', '49573', 'pop-prd-pthalos000', ''], ['1105175', '2023-09-01 23:11:09', 'manudo', 'cer1', 'down', '19697', '49573', 'pop-prd-pthalos000', ''], ['1106174', '2023-09-02 12:00:15', 'manudo', 'cer1', 'up', '45828', '53805', 'pop-prd-pthalos000', ''], ['1106755', '2023-09-02 21:42:49', 'manudo', 'cer1', 'down', '45828', '53805', 'pop-prd-pthalos000', ''], ['1107402', '2023-09-03 09:56:22', 'manudo', 'cer1', 'up', '57598', '36068', 'pop-prd-pthalos000', ''], ['1107726', '2023-09-03 14:39:49', 'manudo', 'cer1', 'down', '57598', '36068', 'pop-prd-pthalos000', ''], ['1108137', '2023-09-03 21:44:15', 'manudo', 'cer1', 'up', '63305', '22095', 'pop-prd-pthalos000', ''], ['1108354', '2023-09-04 02:38:41', 'manudo', 'cer1', 'down', '63305', '22095', 'pop-prd-pthalos000', ''], ['1108927', '2023-09-04 10:56:34', 'manudo', 'cer1', 'up', '524', '18258', 'pop-prd-pthalos000', ''], ['1109135', '2023-09-04 14:08:15', 'manudo', 'cer1', 'down', '524', '18258', 'pop-prd-pthalos000', ''], ['1109522', '2023-09-04 21:39:37', 'manudo', 'cer1', 'up', '5486', '54660', 'pop-prd-pthalos000', ''], ['1109633', '2023-09-05 00:12:54', 'manudo', 'cer1', 'down', '5486', '54660', 'pop-prd-pthalos000', ''], ['1110386', '2023-09-05 11:59:08', 'manudo', 'cer1', 'down', '5624', '58125', 'pop-prd-pthalos000', ''], ['1110484', '2023-09-05 13:56:05', 'manudo', 'cer1', 'down', '40307', '38393', 'pop-prd-pthalos000', ''], ['1111119', '2023-09-05 22:16:16', 'manudo', 'cer1', 'up', '40813', '28394', 'pop-prd-pthalos000', ''], ['1111193', '2023-09-05 23:28:02', 'manudo', 'cer1', 'down', '40813', '28394', 'pop-prd-pthalos000', ''], ['1130309', '2023-09-17 16:21:07', 'manudo', 'cer1', 'up', '43003', '12215', 'pop-prd-pthalos000', ''], ['1130685', '2023-09-18 01:17:03', 'manudo', 'cer1', 'down', '43003', '12215', 'pop-prd-pthalos000', ''], ['1131567', '2023-09-18 16:32:45', 'manudo', 'cer1', 'down', '29260', '558', 'pop-prd-pthalos000', ''], ['1131601', '2023-09-18 16:48:06', 'manudo', 'cer1', 'up', '52755', '10150', 'pop-prd-pthalos000', ''], ['1132698', '2023-09-19 02:02:08', 'manudo', 'cer1', 'down', '52755', '10150', 'pop-prd-pthalos000', ''], ['1133668', '2023-09-19 15:02:41', 'manudo', 'cer1', 'up', '32635', '914', 'pop-prd-pthalos000', ''], ['1134115', '2023-09-19 23:59:10', 'manudo', 'cer1', 'down', '32635', '914', 'pop-prd-pthalos000', ''], ['1135044', '2023-09-20 13:15:40', 'manudo', 'cer1', 'up', '56012', '51911', 'pop-prd-pthalos000', ''], ['1135357', '2023-09-20 19:47:30', 'manudo', 'cer1', 'down', '56012', '51911', 'pop-prd-pthalos000', ''], ['1136879', '2023-09-21 14:53:54', 'manudo', 'cer1', 'up', '18111', '44919', 'pop-prd-pthalos000', ''], ['1137234', '2023-09-21 20:58:54', 'manudo', 'cer1', 'down', '18111', '44919', 'pop-prd-pthalos000', ''], ['1138053', '2023-09-22 08:20:05', 'manudo', 'cer1', 'up', '37911', '31093', 'pop-prd-pthalos000', ''], ['1138400', '2023-09-22 14:01:20', 'manudo', 'cer1', 'up', '29039', '62702', 'pop-prd-pthalos000', ''], ['1138584', '2023-09-22 15:57:24', 'manudo', 'cer1', 'down', '29039', '62702', 'pop-prd-pthalos000', ''], ['1140110', '2023-09-23 12:55:49', 'manudo', 'cer1', 'up', '12946', '13468', 'pop-prd-pthalos000', ''], ['1140202', '2023-09-23 14:25:32', 'manudo', 'cer1', 'down', '12946', '13468', 'pop-prd-pthalos000', ''], ['1140496', '2023-09-23 17:40:27', 'manudo', 'cer1', 'up', '32283', '30595', 'pop-prd-pthalos000', ''], ['1140718', '2023-09-23 22:02:38', 'manudo', 'cer1', 'down', '32283', '30595', 'pop-prd-pthalos000', ''], ['1141137', '2023-09-24 08:17:52', 'manudo', 'cer1', 'up', '16903', '47206', 'pop-prd-pthalos000', ''], ['1141856', '2023-09-24 18:27:18', 'manudo', 'cer1', 'down', '16903', '47206', 'pop-prd-pthalos000', ''], ['1142216', '2023-09-24 23:04:32', 'manudo', 'cer1', 'up', '58186', '60331', 'pop-prd-pthalos000', ''], ['1142298', '2023-09-25 00:22:17', 'manudo', 'cer1', 'down', '58186', '60331', 'pop-prd-pthalos000', ''], ['1142779', '2023-09-25 08:50:28', 'manudo', 'cer1', 'up', '37484', '818', 'pop-prd-pthalos000', ''], ['1142834', '2023-09-25 09:25:52', 'manudo', 'cer1', 'up', '39301', '58996', 'pop-prd-pthalos000', ''], ['1143115', '2023-09-25 13:21:35', 'manudo', 'cer1', 'down', '39301', '58996', 'pop-prd-pthalos000', ''], ['1143128', '2023-09-25 13:44:07', 'manudo', 'cer1', 'up', '4907', '45413', 'pop-prd-pthalos000', ''], ['1143251', '2023-09-25 15:54:12', 'manudo', 'cer1', 'down', '4907', '45413', 'pop-prd-pthalos000', ''], ['1144495', '2023-09-26 14:18:28', 'manudo', 'cer1', 'up', '4024', '41561', 'pop-prd-pthalos000', ''], ['1145025', '2023-09-26 20:19:23', 'manudo', 'cer1', 'down', '4024', '41561', 'pop-prd-pthalos000', ''], ['1146010', '2023-09-27 12:38:56', 'manudo', 'cer1', 'up', '7377', '8726', 'pop-prd-pthalos000', ''], ['1146066', '2023-09-27 13:02:50', 'manudo', 'cer1', 'down', '7377', '8726', 'pop-prd-pthalos000', ''], ['1146135', '2023-09-27 13:43:41', 'manudo', 'cer1', 'up', '35484', '55309', 'pop-prd-pthalos000', ''], ['1146522', '2023-09-27 15:10:26', 'manudo', 'cer1', 'up', '3895', '45479', 'pop-prd-pthalos000', ''], ['1146804', '2023-09-27 15:38:17', 'manudo', 'cer1', 'down', '3895', '45479', 'pop-prd-pthalos000', ''], ['1147240', '2023-09-27 20:16:02', 'manudo', 'cer1', 'up', '61613', '27264', 'pop-prd-pthalos000', ''], ['1147686', '2023-09-28 00:29:29', 'manudo', 'cer1', 'down', '61613', '27264', 'pop-prd-pthalos000', ''], ['1148802', '2023-09-28 11:32:30', 'manudo', 'cer1', 'up', '35318', '14463', 'pop-prd-pthalos000', ''], ['1149741', '2023-09-28 21:30:00', 'manudo', 'cer1', 'down', '35318', '14463', 'pop-prd-pthalos000', ''], ['1150551', '2023-09-29 16:03:07', 'manudo', 'cer1', 'up', '57543', '10744', 'pop-prd-pthalos000', ''], ['1150793', '2023-09-29 22:13:23', 'manudo', 'cer1', 'down', '57543', '10744', 'pop-prd-pthalos000', ''], ['1151432', '2023-09-30 10:18:07', 'manudo', 'cer1', 'up', '21556', '55897', 'pop-prd-pthalos000', ''], ['1151993', '2023-09-30 19:02:02', 'manudo', 'cer1', 'down', '21556', '55897', 'pop-prd-pthalos000', ''], ['1152011', '2023-09-30 19:46:07', 'manudo', 'cer1', 'down', '11389', '64746', 'pop-prd-pthalos000', ''], ['1153135', '2023-10-01 14:32:22', 'manudo', 'cer1', 'up', '58601', '47528', 'pop-prd-pthalos000', ''], ['1153582', '2023-10-01 19:52:37', 'manudo', 'cer1', 'down', '58601', '47528', 'pop-prd-pthalos000', ''], ['1154922', '2023-10-02 08:55:55', 'manudo', 'cer1', 'up', '57320', '65283', 'pop-prd-pthalos000', ''], ['1155357', '2023-10-02 15:44:24', 'manudo', 'cer1', 'down', '57320', '65283', 'pop-prd-pthalos000', ''], ['1155434', '2023-10-02 17:37:41', 'manudo', 'cer1', 'up', '20479', '55741', 'pop-prd-pthalos000', ''], ['1155455', '2023-10-02 18:22:12', 'manudo', 'cer1', 'down', '20479', '55741', 'pop-prd-pthalos000', ''], ['1156417', '2023-10-03 16:27:49', 'manudo', 'cer1', 'up', '54986', '36739', 'pop-prd-pthalos000', ''], ['1156841', '2023-10-03 23:45:29', 'manudo', 'cer1', 'down', '54986', '36739', 'pop-prd-pthalos000', ''], ['1157501', '2023-10-04 11:13:18', 'manudo', 'cer1', 'up', '19366', '1255', 'pop-prd-pthalos000', ''], ['1157963', '2023-10-04 20:26:53', 'manudo', 'cer1', 'down', '19366', '1255', 'pop-prd-pthalos000', ''], ['1158840', '2023-10-05 14:54:28', 'manudo', 'cer1', 'up', '57296', '18776', 'pop-prd-pthalos000', ''], ['1159347', '2023-10-05 22:44:25', 'manudo', 'cer1', 'down', '57296', '18776', 'pop-prd-pthalos000', ''], ['1160322', '2023-10-06 10:20:23', 'manudo', 'cer1', 'up', '31942', '14275', 'pop-prd-pthalos000', ''], ['1160719', '2023-10-06 16:14:34', 'manudo', 'cer1', 'up', '58556', '38500', 'pop-prd-pthalos000', ''], ['1161023', '2023-10-06 20:34:46', 'manudo', 'cer1', 'down', '58556', '38500', 'pop-prd-pthalos000', ''], ['1161892', '2023-10-07 15:13:44', 'manudo', 'cer1', 'down', '21813', '26340', 'pop-prd-pthalos000', ''], ['1183984', '2023-10-21 14:44:29', 'manudo', 'cer1', 'up', '33511', '17100', 'pop-prd-pthalos000', ''], ['1187235', '2023-10-23 20:10:05', 'manudo', 'cer1', 'up', '6170', '1711', 'pop-prd-pthalos000', ''], ['1187534', '2023-10-24 00:00:46', 'manudo', 'cer1', 'down', '6170', '1711', 'pop-prd-pthalos000', ''], ['1188481', '2023-10-24 19:55:32', 'manudo', 'cer1', 'up', '53812', '11686', 'pop-prd-pthalos000', ''], ['1188577', '2023-10-24 21:53:46', 'manudo', 'cer1', 'down', '53812', '11686', 'pop-prd-pthalos000', ''], ['1189076', '2023-10-25 08:38:25', 'manudo', 'cer1', 'up', '16528', '20156', 'pop-prd-pthalos000', ''], ['1189536', '2023-10-25 14:35:09', 'manudo', 'cer1', 'down', '16528', '20156', 'pop-prd-pthalos000', ''], ['1190064', '2023-10-25 21:26:10', 'manudo', 'cer1', 'up', '56916', '45328', 'pop-prd-pthalos000', ''], ['1190265', '2023-10-26 00:24:04', 'manudo', 'cer1', 'down', '56916', '45328', 'pop-prd-pthalos000', ''], ['1190330', '2023-10-26 01:19:07', 'manudo', 'cer1', 'up', '10425', '60593', 'pop-prd-pthalos000', ''], ['1190814', '2023-10-26 07:49:16', 'manudo', 'cer1', 'down', '10425', '60593', 'pop-prd-pthalos000', ''], ['1191071', '2023-10-26 10:28:04', 'manudo', 'cer1', 'up', '14680', '6385', 'pop-prd-pthalos000', ''], ['1191563', '2023-10-26 14:16:12', 'manudo', 'cer1', 'down', '14680', '6385', 'pop-prd-pthalos000', ''], ['1192197', '2023-10-26 21:27:29', 'manudo', 'cer1', 'up', '34385', '28629', 'pop-prd-pthalos000', ''], ['1192756', '2023-10-27 04:34:22', 'manudo', 'cer1', 'down', '34385', '28629', 'pop-prd-pthalos000', ''], ['1193206', '2023-10-27 10:13:01', 'manudo', 'cer1', 'up', '41656', '21151', 'pop-prd-pthalos000', ''], ['1193488', '2023-10-27 14:37:56', 'manudo', 'cer1', 'down', '41656', '21151', 'pop-prd-pthalos000', ''], ['1193991', '2023-10-27 21:25:15', 'manudo', 'cer1', 'up', '43145', '27993', 'pop-prd-pthalos000', ''], ['1194405', '2023-10-28 05:06:15', 'manudo', 'cer1', 'down', '43145', '27993', 'pop-prd-pthalos000', ''], ['1194879', '2023-10-28 10:21:39', 'manudo', 'cer1', 'up', '63572', '7280', 'pop-prd-pthalos000', ''], ['1195089', '2023-10-28 12:49:47', 'manudo', 'cer1', 'up', '27562', '52913', 'pop-prd-pthalos000', ''], ['1195143', '2023-10-28 13:18:39', 'manudo', 'cer1', 'up', '15330', '29429', 'pop-prd-pthalos000', ''], ['1195488', '2023-10-28 16:47:26', 'manudo', 'cer1', 'down', '15330', '29429', 'pop-prd-pthalos000', ''], ['1196227', '2023-10-28 21:32:22', 'manudo', 'cer1', 'up', '62549', '5111', 'pop-prd-pthalos000', ''], ['1197116', '2023-10-29 04:34:03', 'manudo', 'cer1', 'down', '62549', '5111', 'pop-prd-pthalos000', ''], ['1198545', '2023-10-29 20:39:01', 'manudo', 'cer1', 'up', '51912', '13759', 'pop-prd-pthalos000', ''], ['1198854', '2023-10-30 01:24:09', 'manudo', 'cer1', 'down', '51912', '13759', 'pop-prd-pthalos000', ''], ['1199405', '2023-10-30 09:26:47', 'manudo', 'cer1', 'up', '245', '32838', 'pop-prd-pthalos000', ''], ['1199718', '2023-10-30 14:41:44', 'manudo', 'cer1', 'down', '245', '32838', 'pop-prd-pthalos000', ''], ['1200240', '2023-10-30 21:10:26', 'manudo', 'cer1', 'up', '3259', '39873', 'pop-prd-pthalos000', ''], ['1200931', '2023-10-31 06:15:23', 'manudo', 'cer1', 'down', '3259', '39873', 'pop-prd-pthalos000', ''], ['1201271', '2023-10-31 10:49:21', 'manudo', 'cer1', 'up', '63014', '29250', 'pop-prd-pthalos000', ''], ['1201606', '2023-10-31 14:42:30', 'manudo', 'cer1', 'down', '63014', '29250', 'pop-prd-pthalos000', ''], ['1202157', '2023-10-31 21:13:57', 'manudo', 'cer1', 'up', '41655', '26041', 'pop-prd-pthalos000', ''], ['1202628', '2023-11-01 07:38:12', 'manudo', 'cer1', 'down', '41655', '26041', 'pop-prd-pthalos000', ''], ['1202806', '2023-11-01 11:06:48', 'manudo', 'cer1', 'up', '54360', '30364', 'pop-prd-pthalos000', ''], ['1202958', '2023-11-01 14:08:31', 'manudo', 'cer1', 'down', '54360', '30364', 'pop-prd-pthalos000', ''], ['1203359', '2023-11-01 21:02:29', 'manudo', 'cer1', 'up', '48870', '4704', 'pop-prd-pthalos000', ''], ['1204065', '2023-11-02 07:02:40', 'manudo', 'cer1', 'down', '48870', '4704', 'pop-prd-pthalos000', ''], ['1204481', '2023-11-02 11:22:17', 'manudo', 'cer1', 'up', '10227', '35261', 'pop-prd-pthalos000', ''], ['1204828', '2023-11-02 14:37:59', 'manudo', 'cer1', 'down', '10227', '35261', 'pop-prd-pthalos000', ''], ['1205250', '2023-11-02 20:45:03', 'manudo', 'cer1', 'up', '2286', '5688', 'pop-prd-pthalos000', ''], ['1205328', '2023-11-02 22:33:43', 'manudo', 'cer1', 'up', '45412', '48989', 'pop-prd-pthalos000', ''], ['1205491', '2023-11-03 01:25:25', 'manudo', 'cer1', 'up', '42214', '8396', 'pop-prd-pthalos000', ''], ['1205711', '2023-11-03 05:45:39', 'manudo', 'cer1', 'down', '42214', '8396', 'pop-prd-pthalos000', ''], ['1206181', '2023-11-03 13:33:21', 'manudo', 'cer1', 'up', '56596', '13103', 'pop-prd-pthalos000', ''], ['1206239', '2023-11-03 14:53:32', 'manudo', 'cer1', 'down', '56596', '13103', 'pop-prd-pthalos000', ''], ['1206533', '2023-11-03 20:41:34', 'manudo', 'cer1', 'up', '42136', '37576', 'pop-prd-pthalos000', ''], ['1206562', '2023-11-03 21:52:31', 'manudo', 'cer1', 'down', '42136', '37576', 'pop-prd-pthalos000', ''], ['1207226', '2023-11-04 11:08:42', 'manudo', 'cer1', 'up', '2367', '54047', 'pop-prd-pthalos000', ''], ['1207439', '2023-11-04 14:12:01', 'manudo', 'cer1', 'down', '2367', '54047', 'pop-prd-pthalos000', ''], ['1207915', '2023-11-04 20:36:35', 'manudo', 'cer1', 'up', '18310', '18002', 'pop-prd-pthalos000', ''], ['1208191', '2023-11-05 02:15:09', 'manudo', 'cer1', 'down', '18310', '18002', 'pop-prd-pthalos000', ''], ['1208689', '2023-11-05 13:26:21', 'manudo', 'cer1', 'up', '50816', '37633', 'pop-prd-pthalos000', ''], ['1208971', '2023-11-05 18:29:58', 'manudo', 'cer1', 'down', '50816', '37633', 'pop-prd-pthalos000', ''], ['1209717', '2023-11-06 10:09:52', 'manudo', 'cer1', 'up', '19095', '21402', 'pop-prd-pthalos000', ''], ['1209987', '2023-11-06 14:00:14', 'manudo', 'cer1', 'down', '19095', '21402', 'pop-prd-pthalos000', ''], ['1210394', '2023-11-06 20:47:57', 'manudo', 'cer1', 'up', '64992', '4333', 'pop-prd-pthalos000', ''], ['1210759', '2023-11-07 02:25:10', 'manudo', 'cer1', 'down', '64992', '4333', 'pop-prd-pthalos000', ''], ['1211315', '2023-11-07 10:49:33', 'manudo', 'cer1', 'up', '45781', '42932', 'pop-prd-pthalos000', ''], ['1211525', '2023-11-07 13:37:13', 'manudo', 'cer1', 'down', '45781', '42932', 'pop-prd-pthalos000', ''], ['1211568', '2023-11-07 14:09:15', 'manudo', 'cer1', 'down', '7068', '12771', 'pop-prd-pthalos000', ''], ['1212200', '2023-11-07 21:04:35', 'manudo', 'cer1', 'up', '30819', '62722', 'pop-prd-pthalos000', ''], ['1212578', '2023-11-08 02:22:54', 'manudo', 'cer1', 'down', '30819', '62722', 'pop-prd-pthalos000', ''], ['1213127', '2023-11-08 09:53:40', 'manudo', 'cer1', 'up', '55370', '2970', 'pop-prd-pthalos000', ''], ['1213393', '2023-11-08 14:29:12', 'manudo', 'cer1', 'down', '55370', '2970', 'pop-prd-pthalos000', ''], ['1213763', '2023-11-08 21:22:45', 'manudo', 'cer1', 'up', '43041', '29829', 'pop-prd-pthalos000', ''], ['1214090', '2023-11-09 04:00:37', 'manudo', 'cer1', 'down', '43041', '29829', 'pop-prd-pthalos000', ''], ['1214414', '2023-11-09 11:13:56', 'manudo', 'cer1', 'up', '47816', '60775', 'pop-prd-pthalos000', ''], ['1214494', '2023-11-09 12:28:39', 'manudo', 'cer1', 'down', '47816', '60775', 'pop-prd-pthalos000', ''], ['1219597', '2023-11-13 20:17:28', 'manudo', 'cer1', 'up', '5521', '10721', 'pop-prd-pthalos000', ''], ['1219625', '2023-11-13 20:48:28', 'manudo', 'cer1', 'down', '5521', '10721', 'pop-prd-pthalos000', ''], ['1231859', '2023-11-20 14:47:32', 'manudo', 'cer1', 'down', '19959', '23133', 'pop-prd-pthalos000', ''], ['1239674', '2023-11-23 15:38:43', 'manudo', 'cer1', 'up', '12416', '15713', 'pop-prd-pthalos000', ''], ['1240948', '2023-11-24 01:49:26', 'manudo', 'cer1', 'down', '12416', '15713', 'pop-prd-pthalos000', ''], ['1242882', '2023-11-24 11:15:23', 'manudo', 'cer1', 'up', '54992', '4290', 'pop-prd-pthalos000', ''], ['1243473', '2023-11-24 15:16:11', 'manudo', 'cer1', 'down', '54992', '4290', 'pop-prd-pthalos000', ''], ['1244338', '2023-11-24 21:43:11', 'manudo', 'cer1', 'up', '1663', '36326', 'pop-prd-pthalos000', ''], ['1245042', '2023-11-25 04:51:10', 'manudo', 'cer1', 'down', '1663', '36326', 'pop-prd-pthalos000', ''], ['1245725', '2023-11-25 10:47:22', 'manudo', 'cer1', 'up', '33124', '37973', 'pop-prd-pthalos000', ''], ['1246394', '2023-11-25 15:05:03', 'manudo', 'cer1', 'down', '33124', '37973', 'pop-prd-pthalos000', ''], ['1247139', '2023-11-25 20:56:03', 'manudo', 'cer1', 'up', '59987', '33011', 'pop-prd-pthalos000', ''], ['1247989', '2023-11-26 02:45:49', 'manudo', 'cer1', 'down', '59987', '33011', 'pop-prd-pthalos000', ''], ['1248050', '2023-11-26 03:15:29', 'manudo', 'cer1', 'up', '30622', '7833', 'pop-prd-pthalos000', ''], ['1248167', '2023-11-26 04:26:26', 'manudo', 'cer1', 'down', '30622', '7833', 'pop-prd-pthalos000', ''], ['1249225', '2023-11-26 12:20:19', 'manudo', 'cer1', 'up', '52484', '33282', 'pop-prd-pthalos000', ''], ['1249691', '2023-11-26 16:34:07', 'manudo', 'cer1', 'down', '52484', '33282', 'pop-prd-pthalos000', ''], ['1250058', '2023-11-26 19:48:51', 'manudo', 'cer1', 'up', '63633', '13283', 'pop-prd-pthalos000', ''], ['1250730', '2023-11-27 00:33:12', 'manudo', 'cer1', 'down', '63633', '13283', 'pop-prd-pthalos000', ''], ['1251891', '2023-11-27 10:18:17', 'manudo', 'cer1', 'up', '25326', '50558', 'pop-prd-pthalos000', ''], ['1253421', '2023-11-27 20:35:21', 'manudo', 'cer1', 'up', '37754', '50596', 'pop-prd-pthalos000', ''], ['1253834', '2023-11-27 23:54:14', 'manudo', 'cer1', 'down', '37754', '50596', 'pop-prd-pthalos000', ''], ['1256156', '2023-11-28 16:20:43', 'manudo', 'cer1', 'up', '65455', '50176', 'pop-prd-pthalos000', ''], ['1257112', '2023-11-28 23:18:37', 'manudo', 'cer1', 'down', '65455', '50176', 'pop-prd-pthalos000', ''], ['1258842', '2023-11-29 10:13:32', 'manudo', 'cer1', 'up', '20751', '54751', 'pop-prd-pthalos000', ''], ['1261532', '2023-11-30 00:58:17', 'manudo', 'cer1', 'down', '20751', '54751', 'pop-prd-pthalos000', ''], ['1263354', '2023-11-30 10:15:33', 'manudo', 'cer1', 'up', '54665', '13387', 'pop-prd-pthalos000', ''], ['1264974', '2023-11-30 19:47:37', 'manudo', 'cer1', 'up', '34272', '51256', 'pop-prd-pthalos000', ''], ['1265220', '2023-11-30 20:41:40', 'manudo', 'cer1', 'down', '34272', '51256', 'pop-prd-pthalos000', ''], ['1268494', '2023-12-01 12:52:35', 'manudo', 'cer1', 'up', '719', '35667', 'pop-prd-pthalos000', ''], ['1269167', '2023-12-01 16:37:32', 'manudo', 'cer1', 'down', '719', '35667', 'pop-prd-pthalos000', ''], ['1270265', '2023-12-01 21:59:57', 'manudo', 'cer1', 'up', '49806', '38997', 'pop-prd-pthalos000', ''], ['1270771', '2023-12-02 01:11:37', 'manudo', 'cer1', 'down', '49806', '38997', 'pop-prd-pthalos000', ''], ['1272638', '2023-12-02 14:12:45', 'manudo', 'cer1', 'up', '15515', '14833', 'pop-prd-pthalos000', ''], ['1272927', '2023-12-02 16:23:59', 'manudo', 'cer1', 'up', '45045', '27489', 'pop-prd-pthalos000', ''], ['1273269', '2023-12-02 19:06:36', 'manudo', 'cer1', 'down', '45045', '27489', 'pop-prd-pthalos000', ''], ['1275198', '2023-12-03 06:56:10', 'manudo', 'cer1', 'up', '34191', '39393', 'pop-prd-pthalos000', ''], ['1278896', '2023-12-04 11:33:15', 'manudo', 'cer1', 'up', '37972', '19257', 'pop-prd-pthalos000', ''], ['1279452', '2023-12-04 14:13:05', 'manudo', 'cer1', 'up', '48387', '48951', 'pop-prd-pthalos000', ''], ['1279881', '2023-12-04 16:27:46', 'manudo', 'cer1', 'up', '60188', '62653', 'pop-prd-pthalos000', ''], ['1281261', '2023-12-05 00:25:37', 'manudo', 'cer1', 'down', '60188', '62653', 'pop-prd-pthalos000', ''], ['1282674', '2023-12-05 10:28:50', 'manudo', 'cer1', 'up', '63419', '21076', 'pop-prd-pthalos000', ''], ['1284370', '2023-12-05 20:46:34', 'manudo', 'cer1', 'down', '63419', '21076', 'pop-prd-pthalos000', ''], ['1286944', '2023-12-06 14:17:54', 'manudo', 'cer1', 'up', '25809', '63290', 'pop-prd-pthalos000', ''], ['1287168', '2023-12-06 15:27:28', 'manudo', 'cer1', 'down', '25809', '63290', 'pop-prd-pthalos000', ''], ['1287751', '2023-12-06 19:19:47', 'manudo', 'cer1', 'up', '29011', '56020', 'pop-prd-pthalos000', ''], ['1288511', '2023-12-07 00:30:26', 'manudo', 'cer1', 'down', '29011', '56020', 'pop-prd-pthalos000', ''], ['1289847', '2023-12-07 10:24:00', 'manudo', 'cer1', 'up', '47970', '17456', 'pop-prd-pthalos000', ''], ['1293590', '2023-12-08 08:41:50', 'manudo', 'cer1', 'down', '47970', '17456', 'pop-prd-pthalos000', ''], ['1310224', '2023-12-12 16:44:05', 'manudo', 'cer1', 'up', '63757', '53590', 'pop-prd-pthalos000', ''], ['1311687', '2023-12-13 01:06:11', 'manudo', 'cer1', 'down', '63757', '53590', 'pop-prd-pthalos000', ''], ['1313832', '2023-12-13 13:11:44', 'manudo', 'cer1', 'up', '29327', '31323', 'pop-prd-pthalos000', ''], ['1315767', '2023-12-14 00:56:47', 'manudo', 'cer1', 'down', '29327', '31323', 'pop-prd-pthalos000', ''], ['1317144', '2023-12-14 10:10:29', 'manudo', 'cer1', 'up', '53173', '27117', 'pop-prd-pthalos000', ''], ['1317572', '2023-12-14 11:07:36', 'manudo', 'cer1', 'up', '16316', '56397', 'pop-prd-pthalos000', ''], ['1319016', '2023-12-14 17:58:29', 'manudo', 'cer1', 'up', '40977', '47290', 'pop-prd-pthalos000', ''], ['1320136', '2023-12-14 23:13:03', 'manudo', 'cer1', 'down', '40977', '47290', 'pop-prd-pthalos000', ''], ['1322308', '2023-12-15 10:45:01', 'manudo', 'cer1', 'up', '45833', '7523', 'pop-prd-pthalos000', ''], ['1323362', '2023-12-15 15:59:47', 'manudo', 'cer1', 'down', '45833', '7523', 'pop-prd-pthalos000', ''], ['1324501', '2023-12-15 22:10:16', 'manudo', 'cer1', 'up', '43024', '15646', 'pop-prd-pthalos000', ''], ['1325599', '2023-12-16 03:48:46', 'manudo', 'cer1', 'up', '37708', '51240', 'pop-prd-pthalos000', ''], ['1326170', '2023-12-16 07:53:24', 'manudo', 'cer1', 'down', '37708', '51240', 'pop-prd-pthalos000', ''], ['1327281', '2023-12-16 14:24:08', 'manudo', 'cer1', 'up', '59383', '26262', 'pop-prd-pthalos000', ''], ['1327981', '2023-12-16 18:49:10', 'manudo', 'cer1', 'down', '59383', '26262', 'pop-prd-pthalos000', ''], ['1330205', '2023-12-17 08:55:55', 'manudo', 'cer1', 'up', '34698', '33504', 'pop-prd-pthalos000', ''], ['1330780', '2023-12-17 12:25:09', 'manudo', 'cer1', 'up', '21103', '35955', 'pop-prd-pthalos000', ''], ['1331562', '2023-12-17 14:32:10', 'manudo', 'cer1', 'down', '35693', '29172', 'pop-prd-pthalos000', ''], ['1332765', '2023-12-17 21:00:59', 'manudo', 'cer1', 'up', '44596', '59614', 'pop-prd-pthalos000', ''], ['1333133', '2023-12-17 22:49:07', 'manudo', 'cer1', 'up', '17282', '13956', 'pop-prd-pthalos000', ''], ['1334157', '2023-12-18 03:39:40', 'manudo', 'cer1', 'down', '17282', '13956', 'pop-prd-pthalos000', ''], ['1335494', '2023-12-18 12:13:50', 'manudo', 'cer1', 'up', '60088', '10935', 'pop-prd-pthalos000', ''], ['1335760', '2023-12-18 13:30:13', 'manudo', 'cer1', 'up', '36169', '52603', 'pop-prd-pthalos000', ''], ['1337393', '2023-12-18 22:29:06', 'manudo', 'cer1', 'down', '36169', '52603', 'pop-prd-pthalos000', ''], ['1339827', '2023-12-19 10:29:31', 'manudo', 'cer1', 'up', '24392', '12932', 'pop-prd-pthalos000', ''], ['1341819', '2023-12-19 20:04:21', 'manudo', 'cer1', 'up', '22733', '13144', 'pop-prd-pthalos000', ''], ['1342383', '2023-12-19 23:32:36', 'manudo', 'cer1', 'down', '22733', '13144', 'pop-prd-pthalos000', ''], ['1344550', '2023-12-20 15:46:42', 'manudo', 'cer1', 'up', '18381', '44917', 'pop-prd-pthalos000', ''], ['1345744', '2023-12-20 23:54:49', 'manudo', 'cer1', 'down', '18381', '44917', 'pop-prd-pthalos000', ''], ['1347411', '2023-12-21 10:19:16', 'manudo', 'cer1', 'up', '35924', '55553', 'pop-prd-pthalos000', ''], ['1349703', '2023-12-21 23:03:47', 'manudo', 'cer1', 'down', '35924', '55553', 'pop-prd-pthalos000', ''], ['1352091', '2023-12-22 10:30:07', 'manudo', 'cer1', 'up', '19862', '15566', 'pop-prd-pthalos000', ''], ['1352781', '2023-12-22 14:48:13', 'manudo', 'cer1', 'down', '19862', '15566', 'pop-prd-pthalos000', ''], ['1353845', '2023-12-22 20:04:39', 'manudo', 'cer1', 'up', '48140', '35373', 'pop-prd-pthalos000', ''], ['1355714', '2023-12-23 06:24:59', 'manudo', 'cer1', 'down', '48140', '35373', 'pop-prd-pthalos000', ''], ['1356265', '2023-12-23 10:43:56', 'manudo', 'cer1', 'up', '14934', '29154', 'pop-prd-pthalos000', ''], ['1356883', '2023-12-23 14:30:11', 'manudo', 'cer1', 'down', '14934', '29154', 'pop-prd-pthalos000', ''], ['1358052', '2023-12-23 20:13:43', 'manudo', 'cer1', 'up', '44627', '15785', 'pop-prd-pthalos000', ''], ['1359582', '2023-12-24 05:34:26', 'manudo', 'cer1', 'down', '44627', '15785', 'pop-prd-pthalos000', ''], ['1360483', '2023-12-24 10:40:45', 'manudo', 'cer1', 'up', '40123', '25561', 'pop-prd-pthalos000', ''], ['1361212', '2023-12-24 14:45:13', 'manudo', 'cer1', 'down', '40123', '25561', 'pop-prd-pthalos000', ''], ['1362196', '2023-12-24 20:01:18', 'manudo', 'cer1', 'up', '24144', '31500', 'pop-prd-pthalos000', ''], ['1363794', '2023-12-25 05:00:57', 'manudo', 'cer1', 'down', '24144', '31500', 'pop-prd-pthalos000', ''], ['1365441', '2023-12-25 13:22:49', 'manudo', 'cer1', 'up', '46524', '33449', 'pop-prd-pthalos000', ''], ['1366515', '2023-12-25 19:10:25', 'manudo', 'cer1', 'down', '46524', '33449', 'pop-prd-pthalos000', ''], ['1371300', '2023-12-26 22:44:16', 'manudo', 'cer1', 'down', '9388', '63187', 'pop-prd-pthalos000', ''], ['1568759', '2024-01-10 17:46:07', 'manudo', 'cer1', 'up', '36445', '16980', 'pop-prd-pthalos000', ''], ['1568870', '2024-01-10 18:26:58', 'manudo', 'cer1', 'down', '36445', '16980', 'pop-prd-pthalos000', ''], ['1575260', '2024-01-11 20:39:14', 'manudo', 'cer1', 'down', '55658', '62687', 'pop-prd-pthalos000', ''], ['1580152', '2024-01-12 19:10:30', 'manudo', 'cer1', 'down', '30319', '38991', 'pop-prd-pthalos000', '']]
319
2023-06-22 19:36:05,2023-06-22 22:05:24
2023-06-22 23:42:31,2023-06-23 00:17:45
2023-06-23 17:22:01,2023-06-23 18:27:16
2023-06-23 21:55:55,2023-06-23 22:43:39
2023-06-24 14:44:17,2023-06-24 16:44:16
2023-07-15 16:36:42,2023-07-15 17:31:31
2023-07-17 21:07:03,2023-07-17 21:53:59
2023-07-18 15:26:21,2023-07-18 19:59:01
2023-07-19 12:41:26,2023-07-19 22:06:55
2023-07-20 10:36:27,2023-07-20 11:49:53
2023-08-05 15:57:50,2023-08-05 17:53:38
2023-08-08 15:04:46,2023-08-08 15:29:19
2023-08-15 16:57:58,2023-08-15 17:15:44
2023-08-16 15:39:18,2023-08-16 20:40:55
2023-08-17 13:33:17,2023-08-17 22:58:33
2023-08-18 14:04:51,2023-08-18 21:29:45
2023-08-19 18:03:30,2023-08-20 00:11:12
2023-08-20 10:36:11,2023-08-21 01:18:42
2023-08-21 15:16:12,2023-08-21 22:00:12
2023-08-22 12:08:14,2023-08-22 18:04:02
2023-08-23 05:03:58,2023-08-23 22:43:59
2023-08-24 16:45:09,2023-08-24 23:39:28
2023-08-25 10:25:07,2023-08-26 00:07:59
2023-08-26 17:59:26,2023-08-26 23:39:02
2023-08-27 09:54:52,2023-08-28 01:08:36
2023-08-28 10:16:15,2023-08-28 19:12:22
2023-08-29 10:59:08,2023-08-29 23:24:54
2023-08-30 10:17:19,2023-08-31 01:00:05
2023-08-31 17:06:09,2023-08-31 20:50:36
2023-09-01 15:06:45,2023-09-01 16:45:05
2023-09-01 19:06:47,2023-09-01 23:11:09
2023-09-02 12:00:15,2023-09-02 21:42:49
2023-09-03 09:56:22,2023-09-03 14:39:49
2023-09-03 21:44:15,2023-09-04 02:38:41
2023-09-04 10:56:34,2023-09-04 14:08:15
2023-09-04 21:39:37,2023-09-05 00:12:54
2023-09-05 22:16:16,2023-09-05 23:28:02
2023-09-17 16:21:07,2023-09-18 01:17:03
2023-09-18 16:48:06,2023-09-19 02:02:08
2023-09-19 15:02:41,2023-09-19 23:59:10
2023-09-20 13:15:40,2023-09-20 19:47:30
2023-09-21 14:53:54,2023-09-21 20:58:54
2023-09-22 14:01:20,2023-09-22 15:57:24
2023-09-23 12:55:49,2023-09-23 14:25:32
2023-09-23 17:40:27,2023-09-23 22:02:38
2023-09-24 08:17:52,2023-09-24 18:27:18
2023-09-24 23:04:32,2023-09-25 00:22:17
2023-09-25 09:25:52,2023-09-25 13:21:35
2023-09-25 13:44:07,2023-09-25 15:54:12
2023-09-26 14:18:28,2023-09-26 20:19:23
2023-09-27 12:38:56,2023-09-27 13:02:50
2023-09-27 15:10:26,2023-09-27 15:38:17
2023-09-27 20:16:02,2023-09-28 00:29:29
2023-09-28 11:32:30,2023-09-28 21:30:00
2023-09-29 16:03:07,2023-09-29 22:13:23
2023-09-30 10:18:07,2023-09-30 19:02:02
2023-10-01 14:32:22,2023-10-01 19:52:37
2023-10-02 08:55:55,2023-10-02 15:44:24
2023-10-02 17:37:41,2023-10-02 18:22:12
2023-10-03 16:27:49,2023-10-03 23:45:29
2023-10-04 11:13:18,2023-10-04 20:26:53
2023-10-05 14:54:28,2023-10-05 22:44:25
2023-10-06 16:14:34,2023-10-06 20:34:46
2023-10-23 20:10:05,2023-10-24 00:00:46
2023-10-24 19:55:32,2023-10-24 21:53:46
2023-10-25 08:38:25,2023-10-25 14:35:09
2023-10-25 21:26:10,2023-10-26 00:24:04
2023-10-26 01:19:07,2023-10-26 07:49:16
2023-10-26 10:28:04,2023-10-26 14:16:12
2023-10-26 21:27:29,2023-10-27 04:34:22
2023-10-27 10:13:01,2023-10-27 14:37:56
2023-10-27 21:25:15,2023-10-28 05:06:15
2023-10-28 13:18:39,2023-10-28 16:47:26
2023-10-28 21:32:22,2023-10-29 04:34:03
2023-10-29 20:39:01,2023-10-30 01:24:09
2023-10-30 09:26:47,2023-10-30 14:41:44
2023-10-30 21:10:26,2023-10-31 06:15:23
2023-10-31 10:49:21,2023-10-31 14:42:30
2023-10-31 21:13:57,2023-11-01 07:38:12
2023-11-01 11:06:48,2023-11-01 14:08:31
2023-11-01 21:02:29,2023-11-02 07:02:40
2023-11-02 11:22:17,2023-11-02 14:37:59
2023-11-03 01:25:25,2023-11-03 05:45:39
2023-11-03 13:33:21,2023-11-03 14:53:32
2023-11-03 20:41:34,2023-11-03 21:52:31
2023-11-04 11:08:42,2023-11-04 14:12:01
2023-11-04 20:36:35,2023-11-05 02:15:09
2023-11-05 13:26:21,2023-11-05 18:29:58
2023-11-06 10:09:52,2023-11-06 14:00:14
2023-11-06 20:47:57,2023-11-07 02:25:10
2023-11-07 10:49:33,2023-11-07 13:37:13
2023-11-07 21:04:35,2023-11-08 02:22:54
2023-11-08 09:53:40,2023-11-08 14:29:12
2023-11-08 21:22:45,2023-11-09 04:00:37
2023-11-09 11:13:56,2023-11-09 12:28:39
2023-11-13 20:17:28,2023-11-13 20:48:28
2023-11-23 15:38:43,2023-11-24 01:49:26
2023-11-24 11:15:23,2023-11-24 15:16:11
2023-11-24 21:43:11,2023-11-25 04:51:10
2023-11-25 10:47:22,2023-11-25 15:05:03
2023-11-25 20:56:03,2023-11-26 02:45:49
2023-11-26 03:15:29,2023-11-26 04:26:26
2023-11-26 12:20:19,2023-11-26 16:34:07
2023-11-26 19:48:51,2023-11-27 00:33:12
2023-11-27 20:35:21,2023-11-27 23:54:14
2023-11-28 16:20:43,2023-11-28 23:18:37
2023-11-29 10:13:32,2023-11-30 00:58:17
2023-11-30 19:47:37,2023-11-30 20:41:40
2023-12-01 12:52:35,2023-12-01 16:37:32
2023-12-01 21:59:57,2023-12-02 01:11:37
2023-12-02 16:23:59,2023-12-02 19:06:36
2023-12-04 16:27:46,2023-12-05 00:25:37
2023-12-05 10:28:50,2023-12-05 20:46:34
2023-12-06 14:17:54,2023-12-06 15:27:28
2023-12-06 19:19:47,2023-12-07 00:30:26
2023-12-07 10:24:00,2023-12-08 08:41:50
2023-12-12 16:44:05,2023-12-13 01:06:11
2023-12-13 13:11:44,2023-12-14 00:56:47
2023-12-14 17:58:29,2023-12-14 23:13:03
2023-12-15 10:45:01,2023-12-15 15:59:47
2023-12-16 03:48:46,2023-12-16 07:53:24
2023-12-16 14:24:08,2023-12-16 18:49:10
2023-12-17 12:25:09,2023-12-17 14:32:10
2023-12-17 22:49:07,2023-12-18 03:39:40
2023-12-18 13:30:13,2023-12-18 22:29:06
2023-12-19 20:04:21,2023-12-19 23:32:36
2023-12-20 15:46:42,2023-12-20 23:54:49
2023-12-21 10:19:16,2023-12-21 23:03:47
2023-12-22 10:30:07,2023-12-22 14:48:13
2023-12-22 20:04:39,2023-12-23 06:24:59
2023-12-23 10:43:56,2023-12-23 14:30:11
2023-12-23 20:13:43,2023-12-24 05:34:26
2023-12-24 10:40:45,2023-12-24 14:45:13
2023-12-24 20:01:18,2023-12-25 05:00:57
2023-12-25 13:22:49,2023-12-25 19:10:25
2024-01-10 17:46:07,2024-01-10 18:26:58
